,content,target
1,How do I reset my account password?,INQUIRY
2,Your recent order #12345 has been delayed. We apologize for the inconvenience.,SUPPORT
3,Exclusive offer! Buy one get one free on all products! Limited time only!,SPAM
4,We are a wholesaleSUPPLIER of electronic components. Contact us for bulk pricing.,SUPPLIER
5,I'm having trouble accessing the dashboard after the latest update.,SUPPORT
6,Do you offer international shipping for your products?,INQUIRY
7,Congratulations! You've won a free vacation! Click here to claim!,SPAM
8,Our company provides raw materials for manufacturing at competitive rates.,SUPPLIER
9,The product I received is damaged. How can I get a replacement?,SUPPORT
10,What are your business hours for customer service?,INQUIRY
11,"Make $10,000 a week working from home! No experience needed!",SPAM
12,We specialize in organic cotton fabrics for clothing manufacturers.,SUPPLIER
13,My subscription was renewed without my authorization. Please help.,SUPPORT
14,Can I change the delivery address for my pending order?,INQUIRY
15,URGENT: Your account has been compromised. Verify your details now!,SPAM
16,LeadingSUPPLIER of industrial machinery parts since 1995.,SUPPLIER
17,The app keeps crashing when I try to upload files.,SUPPORT
18,What payment methods do you accept for international orders?,INQUIRY
19,"You're pre-approved for a $50,000 loan with 0% interest!",SPAM
20,Premium office furnitureSUPPLIER with next-day delivery available.,SUPPLIER
21,How do I cancel my recurring subscription?,SUPPORT
22,"Subject: Issue with Recent Order #78910\n\nDear Customer Support Team,\n\nI hope this email finds you well. I am writing regarding my recent order (#78910) placed on your website. Unfortunately, I have encountered an issue with the delivery. The tracking information shows that the package was marked as delivered, but I have not received it. Iâ€™ve checked with my neighbors and the local post office, but they donâ€™t have any record of it. Could you please investigate this matter and provide an update? Iâ€™ve attached the order confirmation and shipping details for your reference.\n\nAdditionally, I would appreciate it if you could confirm whether a replacement or refund is possible in case the package is lost. Thank you for your assistance, and I look forward to your prompt response.\n\nBest regards,\nJohn Smith",SUPPORT
23,"Subject:INQUIRY About Bulk Order Discounts\n\nHello Sales Team,\n\nI am reaching out from ABC Retailers, and we are interested in purchasing your products in bulk for our stores. Specifically, we are looking at your Model X series and would like to know if you offer volume discounts for orders above 500 units. Could you provide a price list along with any available promotions?\n\nWe are also interested in your shipping terms, lead times, and whether you support international shipments to Canada. If possible, please include any MOQ (Minimum Order Quantity) requirements and sample policies. We are evaluatingSUPPLIERs this month and would appreciate a prompt reply to help with our decision-making process.\n\nLooking forward to your response.\n\nSincerely,\nLisa Johnson\nProcurement Manager\nABC Retailers",INQUIRY
24,"Subject: Urgent: Your Account Security Alert!\n\nDear Valued Customer,\n\nWe have detected suspicious activity on your account! For your security, we have temporarily restricted access. To verify your identity and restore access, please click the link below within the next 24 hours:\n\n[Malicious Link Removed]\n\nFailure to act may result in permanent account suspension. This is an automated messageâ€”do not reply to this email. If you did not initiate this request, contact our support team immediately at [Fake Support Email].\n\nThank you for your cooperation.\n\nSecurity Team\n[Fake Company Name]",SPAM
25,"Subject: Partnership Opportunity â€“ Industrial Equipment Supply\n\nDear Procurement Team,\n\nI hope you are doing well. We are XYZ Industrial Supplies, a leading manufacturer and distributor of high-quality industrial machinery parts, including bearings, valves, and hydraulic components. We have been in business for over 20 years, serving clients across North America and Europe.\n\nWe would like to explore a potential partnership with your company. Our competitive advantages include:\n- ISO 9001-certified production\n- Just-in-time delivery options\n- Custom fabrication services\n- Bulk pricing discounts\n\nAttached is our catalog and standard pricing sheet. If youâ€™re interested, we can arrange a call to discuss your specific requirements. Please let us know a convenient time.\n\nBest regards,\nMichael Brown\nSales Director\nXYZ Industrial Supplies",SUPPLIER
26,"Subject: Technical Issue â€“ App Crashing on Login\n\nHello Support,\n\nIâ€™ve been using your mobile app for several months without issues, but after the latest update (v3.2.0), it crashes immediately upon launch. Iâ€™ve tried reinstalling, clearing cache, and restarting my device (iPhone 14, iOS 16.5), but the problem persists. This is affecting my ability to access important account features.\n\nCould you please escalate this to your technical team? If thereâ€™s a known issue, is there an estimated fix timeline? Alternatively, are there any workarounds, such as rolling back to a previous version? Iâ€™ve attached a screen recording of the crash for reference.\n\nThank you for your help.\n\nRegards,\nSarah Williams",SUPPORT
27,"Subject: Request for Product Specifications\n\nDear Customer Service,\n\nI am interested in your Model Z-2000 but need more details before making a purchase. Specifically, I would like to know:\n- Dimensions and weight\n- Power requirements (voltage, wattage)\n- Compatibility with third-party accessories\n- Warranty terms\n\nAdditionally, do you offer extended warranty options? I couldnâ€™t find this information on your website. If possible, please also share user manuals or installation guides for review.\n\nLooking forward to your reply.\n\nBest,\nDavid Lee",INQUIRY
28,"Subject: YOUâ€™VE WON A $10,000 PRIZE!\n\nCONGRATULATIONS!\n\nYou have been selected as a winner in our annual Mega Giveaway! To claim your $10,000 cash prize, simply click the link below and complete the verification form within 24 hours:\n\n[Fake Link Removed]\n\nThis is a limited-time offerâ€”failure to respond will result in forfeiture of your prize. No purchase necessary. Taxes and fees may apply. This email was sent to you because you subscribed to our mailing list. To unsubscribe, click here [Fake Unsubscribe Link].\n\nPrize Redemption Department\n[Fake Company]",SPAM
29,"Subject: Wholesale Office FurnitureINQUIRY\n\nHello,\n\nWe are Office Solutions Co., a distributor specializing in ergonomic office furniture. We supply chairs, desks, and storage solutions to corporate clients and educational institutions. Our products are BIFMA-certified and come with a 5-year warranty.\n\nWe would like to introduce our catalog and discuss potential bulk pricing for your organization. Key features include:\n- Custom branding options\n- Eco-friendly materials\n- Quick turnaround (2-3 weeks for large orders)\n\nCould you share your procurement process and any upcoming tenders? Weâ€™d be happy to provide samples upon request.\n\nRegards,\nEmily Chen\nSales Representative\nOffice Solutions Co.",SUPPLIER
30,"Dear Customer Support Team, I am reaching out regarding an issue I encountered with my recent order. The shipment arrived later than expected, and some of the items were missing from the package. Could you please assist me in resolving this matter? I would appreciate a prompt response so that I can plan accordingly. Thank you for your attention to this matter.",SUPPORT
31,"Hello, I have a question about the billing on my latest invoice. I noticed some charges that I do not recognize and would like to get clarification on these. Please provide details regarding the bill and any actions I should take. Looking forward to your quick response.",INQUIRIES
32,"Good morning, I am aSUPPLIER interested in providing products to your company. I have a catalog of items including electronics and accessories that could be relevant for your next procurement cycle. Please let me know the process to submit a proposal or to set up a meeting to discuss potential partnership opportunities.",SUPPLIERS
33,"Congratulations! You have been selected as the winner of our exclusive prize giveaway. To claim your reward, please click on this link and provide your personal information. Hurry, this offer is valid only for a limited time. Don't miss out on this fantastic opportunity!",SPAM
34,"Hello, I am interested in learning more about the services your company offers for corporate events. Do you provide catering, entertainment, or venue arrangements? I would appreciate an informational brochure or a contact number to discuss further details. Thank you in advance for your assistance.",INQUIRIES
35,Urgent: Your bank account has been compromised. We detected unauthorized activity and need you to verify your account information immediately. Click the link below to secure your account and prevent any further unauthorized access. Failure to act now may result in account suspension.,SPAM
36,"Hi, I need support with configuring the software you provided. It keeps crashing when I try to save my work, which is quite disruptive. Could you send me detailed instructions or arrange for technical support to assist me in resolving this issue? Thank you.",SUPPORT
37,"Greetings, I am a vendor interested in supplying raw materials for your manufacturing processes. Our company offers high-quality steel and aluminum at competitive prices. Please advise on the procurement procedures and whether samples can be sent for review.",SUPPLIERS
38,"Hello, I wanted to inquire about the status of my recent support ticket. I submitted a request last week, but I haven't received any updates. Could you please check and let me know when I can expect a resolution? Thank you for your assistance.",INQUIRIES
39,"Congratulations! You have won a free vacation package to the Bahamas. To claim your prize, please respond with your personal details. Remember, this is a limited-time offer. Act now and enjoy a luxurious getaway on us!",SPAM
40,"Dear Support Team, I am experiencing issues logging into my account. Every time I try to access the portal, I receive an error message. I have cleared my browser cache and tried different devices, but the problem persists. Please help me regain access as soon as possible.",SUPPORT
41,"Hello, I would like to inquire about the bulk discounts available for your products. I am planning to purchase large quantities for our retail stores and want to understand the pricing structure, lead times, and ordering process. Kindly send me the relevant details.",INQUIRIES
42,"Greetings, we are a newSUPPLIER interested in establishing a partnership with your company. Our product range includes high-grade plastics and packaging materials. Please let us know the next steps for registering as a vendor and submitting product samples.",SUPPLIERS
43,"Congratulations! You have been selected to receive a free subscription to our premium service. To activate your account, please confirm your email address by clicking the link provided. Hurry, offer valid while supplies last!",SPAM
44,"Hi, I need assistance with resetting my password. I forgot my login credentials and am unable to access my account. Please send me instructions on how to recover or reset my password. Thank you for your support.",SUPPORT
45,"Good afternoon, I am interested in scheduling a corporate training session for our staff. Could you provide details on the training modules, costs, and available dates? We are eager to enhance our teamâ€™s skills with your help.",INQUIRIES
46,"Hello, I am aSUPPLIER interested in bidding for your upcoming project. Could you please share the bid documents, submission deadlines, and criteria for evaluating proposals? I look forward to your response.",SUPPLIERS
47,You are a lucky winner! Claim your cash prize now by clicking on this link. No purchase necessary. This is an amazing opportunity to earn quick money. Respond immediately to secure your winnings.,SPAM
48,"Dear Customer Service, I am trying to update my billing information on your website, but I keep receiving error messages. Please assist me in completing this process or update my details manually. Thank you in advance.",SUPPORT
49,"Hi, I want to inquire about the status of my recent order. It was supposed to arrive last week, but I haven't received it yet. Please provide an update on the delivery and any tracking information available.",INQUIRIES
50,"Hey there! Iâ€™ve been trying to log into my account and keep getting stuck. Tried clearing caches and different browsers, but no luck. Can you help me get back in? Would appreciate a quick fix. Thanks!",SUPPORT
51,"Hi! Iâ€™ve got a bunch of products Iâ€™d love to buy in bulk â€” like, lots of your stuff. Can you tell me about discounts, lead times, and how to place big orders? Would be great if you could send over the details.",INQUIRIES
52,Yo! Weâ€™re a newSUPPLIER looking to team up with you guys. We got plastics and packaging stuff that might work for your needs. How do we get the ball rolling? Want to send some samples or chat about it?,SUPPLIERS
53,Congrats! Youâ€™ve won a free trip to the Bahamas! Just click the link to claim your prize. Donâ€™t wait â€” this offer wonâ€™t last forever. Do it now and get ready for some sun!,SPAM
54,Hey! I forgot my password and canâ€™t get into my account. Can you send me the steps to reset it? Would appreciate the help. Thanks a lot!,SUPPORT
55,"Hey there! Looking to set up some training for my team. Can you tell me what you offer, how much it costs, and when you can do it? Want to get things scheduled soon. Cheers!",INQUIRIES
56,"Hi! Iâ€™m a seller interested in bidding on your next project. Can you send me the info â€“ bid docs, deadlines, and what youâ€™re looking for? Would love to get on it.",SUPPLIERS
57,"Hey! You just won some free cash! Click here quick to claim your prize. No strings, just rewards. Respond ASAP, the offerâ€™s only good for a limited time!",SPAM
58,"Yo! Iâ€™m trying to update my billing info on your website, but keep hitting errors. Can you help me fix this or update my info manually? Thanks a ton!",SUPPORT
59,"Hi! Can you give me an update on my recent order? It was supposed to arrive last week, but I havenâ€™t seen it yet. Can you check on it and send me tracking info? Thanks!",INQUIRIES
60,"Hey! Iâ€™ve been having trouble accessing my account again. Same issue as before, itâ€™s super frustrating. Could you help me sort this out quick? Thanks a lot!",SUPPORT
61,"Hi there! I wanna buy a bunch of your products for my store but need some info on discounts and delivery time. Also, how do I place a big order? Drop me the details!",INQUIRIES
62,"Hey, Iâ€™m checking if your company can supply some raw materials like steel and aluminum for my manufacturing business. Send me the process to become a vendor and send samples if possible.",SUPPLIERS
63,"Whoa! Youâ€™re a lucky winner of a free iPhone! Just click here to claim it now. No scam, I swear. Hurry! This is a limited time thing.",SPAM
64,Hey! I need to reset my password for your site but forgot the steps. Can you shoot me an email with how to do it? Appreciate the help. Cheers!,SUPPORT
65,"Yo! Weâ€™re interested in doing some training with you guys for our team. What programs do you have, how much, and when can we start? Hit me up!",INQUIRIES
66,"Hi! I want to bid on your upcoming project. Can you send me the bid pack, deadline, and what youâ€™re looking for? Would love to get on that. Thanks!",SUPPLIERS
67,"Heya! You just won some free cash! Click now to claim your winnings. No catch, just instant money. Do it before time runs out!",SPAM
68,Hi! Iâ€™m trying to change my billing info but keep getting errors. Can you help me update it manually or tell me what to do? Thanks a bunch!,SUPPORT
69,Hey! Just checking in about my last order. It was due last week but still not here. Can you give me an update or tracking info? Thanks so much!,INQUIRIES
70,"Hey!! I been trying to log into my account but keeps saying error ğŸ˜¡ can u pls help me fix this quick ?? thx alot! Cheers, John Doe",SUPPORT
71,"Hi! I wanna buy a **lot** of your products for my store but need details bout discounts, delivery times and how to order big amounts?? Pls send me the info! :) Regards, Mike",INQUIRIES
72,"Hey, Iâ€™m lookin for some materials like Steel and Aluminum to make stuff. Can u tell me how to become your vendor? Send me samples if u can. Thanks! Best, Sarah.",SUPPLIERS
73,"OMG!!! You won a free iPhone!!! ğŸ˜± Click here NOW to claim it!! Limited offer, donâ€™t miss out!!! ğŸ‰ğŸ‰ Cheers, Admin",SPAM
74,"Hey! I forgot my password again ğŸ™„ Can u pls email me steps to reset it? Really need to get in ASAP. THX! Best, Emily.",SUPPORT
75,"Yo! We wanna do some trainin for our team. What programs, costs, nd available dates?? Hit me up quick!! Cheers, Dave.",INQUIRIES
76,"Hi! Interested in bidding on your project plz send bid docs, deadline and what u lookin for. Need it ASAP!! Thanks! Regards, Lisa.",SUPPLIERS
77,"Heya! U just won some free cash ğŸ’°ğŸ”¥ Click now to claim ur prize ğŸ˜â³!! Hurry up before its gone! Cheers, Tom",SPAM
78,"Hey!! I need help u updating my billing info it keeps erroring ğŸ™„ pls fix or do it manually!! Thx a lot! ğŸ˜Š Sincerely, Alice.",SUPPORT
79,"Hi!! Just wanna check on my last order, it was supposed to be here last week but no sign of it. Can u send me tracking info plz? Thx a lot!! Cheers, Sam",INQUIRIES
80,"Hey!! Iâ€™ve been tryna login again but it keeps sayin error ğŸ˜¡ pls help me fix it ASAP!! Thanks a bunch!! Cheers, Mark",SUPPORT
81,"Hi! I wanna buy big amts of ur products 4 my shop but need to know bout discounts, shipping & how to place big orders plz send details!! Cheers, Lily ğŸ˜Š",INQUIRIES
82,"Yo! We are a newSUPPLIER got plastics and packaging materials that u might need. How do we get started? Send samples pls! Thx!! Best, Kevin",SUPPLIERS
83,"OMG!!!!! U won a free trip to Hawaii!!! ğŸŒºğŸŒ´ Click here now to claim ur prize!! Hurry be4 itâ€™s gone!! ğŸ‰ğŸ‰ Cheers, Admin",SPAM
84,"Hey! I forgot my password AGAIN ğŸ™„ Can u pls just send me instructions to reset it?? Really need my account! Thanks!! Regards, Jessica.",SUPPORT
85,"Hi! Wanna do some team training with you guys. Can u tell me what courses you got, how much, and when u can do it? Need to schedule ASAP!! Thanks!! Cheers, Tom.",INQUIRIES
86,"Hello! I want to bid on ur next big project. Send me the bid pack, deadline, and all the details plz. Urgent!! Thanks, Alice.",SUPPLIERS
87,"Hey! Youâ€™ve got 1 million in free cash!! ğŸ’µğŸ”¥ Just click this link to claim ur money!! No joke!! HurryğŸ‘Œ!! Cheers, Rob",SPAM
88,"Hey!! I need help with my billing info. It keeps erroring when I try to update it ğŸ˜• FIX or do it manually pls!! Thx a lot!!! Regards, Daniel.",SUPPORT
89,"Hi!! Just checking on my order. It was due last week but no update. Can u send me tracking info? Need it ASAP!! Thanks a ton! Cheers, Kate.",INQUIRIES
90,"Hey! Its been days and still no update on my issue ğŸ˜¤ plz fix this ASAP!! I need help now!! Thanks, Mike Johnson",SUPPORT
91,"Hi! I wanna buy a massive qty of ur stuff but need to know bout discounts and shipping time? Also how to place big orders. Pls reply quick!!! Cheers, Lisa.",INQUIRIES
92,"Hey, I wanna be ur newSUPPLIER! I got good plastic and stuff. How do I become ur vendor? Send me details and maybe some samples? Thanks! Regards, Dave.",SUPPLIERS
93,"WOW!!! U won a free TV!!! ğŸ“ºâœ¨ğŸ˜ Click now to claim ur prize!!! Limited time only!! Cheers, Admin",SPAM
94,"Hey guys! I forgot my pass again ğŸ™„ Can u pls send me instructions again? Really gotta get in now ğŸ˜…. Thanks a ton! Best, Sophie.",SUPPORT
95,"Yo! I wanna do training for my team. What classes u got, how much, and when we start? Hit me up fast!! Cheers, Kevin.",INQUIRIES
96,"Hi! Iâ€™m looking to bid on one of ur projects. Pls send over bid docs and deadline. Need to know quick!! Thanks a lot! Regards, Olivia.",SUPPLIERS
97,"Hey! You just won free $$! ğŸ’¸ğŸ‰ Click here now to claim ur cash!!! Act fast or miss out! Cheers, Admin",SPAM
98,"Hey!! I keep tryin to update my bill info but it keeps erroring!! ğŸ˜© Can u help or do it manually? Thx a lot!! Cheers, Robert.",SUPPORT
99,"Hello! Just checking on my order. Last week it was supposed to arrive but no shows yet ğŸ˜•. Pls give me update or tracking info!! Thanks! Regards, Emma.",INQUIRIES
100,"Hey!! I been tryin to login but it keeps sayin wrong password again ğŸ˜’ can u help me fix dis pls? Need to get in soon. Thanks! Cheers, Mark.",SUPPORT
101,"Hi! I wanna buy many many of ur products but need to know bout discounts, shippin times, and how to make big orders? Pls send info soon! :) Regards, Lily.",INQUIRIES
102,"Hey, Iâ€™m lookin for some supplies like Steel or Aluminum rn. Can u tell me how to become ur vendor, and if I can send samples? Thanks u! Best, Kevin.",SUPPLIERS
103,"Wow! You just won a free trip to the Bahamas! ğŸŒ´âœˆï¸ Click here NOW to claim ur prize ğŸš€ Limited time only! Cheers, Admin",SPAM
104,"Hey! I forgot my password again ğŸ™„ Can u pls email me the reset steps? Need to get into my account quick! Thanks a lot! Cheers, Rachel.",SUPPORT
105,"Yo! We wanna do some workshop training for our crew. What kinda courses, price, and schedule? Hit me up quick! Thanks a lot! Cheers, Jason.",INQUIRIES
106,"Hi! Interested in bidding on your project. Pls send the bid docs, deadline, and what kind of proposals you want. Need to start soon! ğŸ˜Š Thanks, Olivia.",SUPPLIERS
107,"Hey!! You just won free money ğŸ’¸âœ¨ Click now to claim ur cash prize ğŸ‰ğŸ†!! Don't miss out! Hurry up! Cheers, Dave",SPAM
108,"Hey!! I need ur help with my billing info. Keeps erroring when I try to update it ğŸ™„ can u do it manually pls? Thanks a lot! Best, Anna.",SUPPORT
109,"Hi!! Just checking on my last order, was supposed to arrive last week but still not here ğŸ˜•. Can u send me the tracking info? Thx a lot! Cheers, Mike.",INQUIRIES
110,"Hey!!! ğŸ‰ Looking for amazing deals? Get 50% OFF on all products NOW! Limited time offer! Click here to buy cheap electronics, fashion, and more! Don't miss out! ğŸ”¥ğŸ”¥ Cheers, DiscountKing",SPAM
111,"Big SALE ALERT! ğŸ›ï¸ Buy 1 get 2 FREE on selected items! Shop today and save big! No questions asked! Hurry before stock runs out! âœ¨âœ¨ Regards, CheapDeals",SPAM
112,"Congratulations! ğŸ‰ You are eligible for a FREE trial of our premium service! Just click the link and sign up in seconds! Act fast for exclusive benefits! ğŸš€ Cheers, FreeTrialTeam",SPAM
113,"ğŸ”¥ Hot Offer! Get rich quick with our secret method! No experience needed! Join thousands making $$$ effortlessly! Limited spots! Click now! ğŸ’°ğŸ’° Cheers, MoneyMagnet",SPAM
114,"Limited Time! ğŸ•’ Unlock huge discounts on weight loss pills, miracle creams, and health supplements! Achieve your dream body today! Donâ€™t wait! ğŸ’ªâœ¨ Regards, SlimFast",SPAM
115,"Hey!!! ğŸš€ Boost your business with our proven marketing strategies! Sign up now for a free consultation! Limited slots available! Act now! ğŸ“ˆ Cheers, MarketMaster",SPAM
116,"Alert! ğŸŠ Get your email hacked? No problem! Unlock your account now with our easy no-questions-asked solution! Instant access! Click here! ğŸ”“ğŸ”¥ Regards, HackPro",SPAM
117,"Wow! ğŸ Claim your FREE lottery ticket! Win big money, cars, or even a house! Limited tickets available now! Donâ€™t miss your chance! ğŸ’¸ğŸš—ğŸ¡ Cheers, LuckyWinner",SPAM
118,"Special Offer! ğŸŒŸ Increase your earnings with our fast-magic scheme! No upfront cost! Join now and start making $$$ immediately! Limited spots! ğŸ’µâœ¨ Regards, WealthGenerator",SPAM
119,"Discover the secret to eternal youth! ğŸŒº Buy our miracle creams and anti-aging pills and look 10 years younger overnight! Special discounts for early buyers! Act fast! ğŸ’– Cheers, YouthForever",SPAM
120,"Congratulations! ğŸ‰ Get the best deals on weight loss supplements, lose weight fast with no effort! Limited offer, buy now and save 50% ğŸ¯ Don't miss out! Shop today!",SPAM
121,"Hot deal! ğŸ”¥ Unlock unlimited access to premium movies and TV shows for just $5.99/month. No hidden charges, cancel anytime! Subscribe now and enjoy endless entertainment!",SPAM
122,"Special offer! ğŸ Get 1000 free Instagram followers instantly! Boost your social profile today. No tricks, just click here to get started. Limited spots!",SPAM
123,Amazing sale! ğŸ›ï¸ Grab designer clothes at up to 70% off. Free shipping on all orders! Shop now before stock runs out! Best deals only today!,SPAM
124,Want to make quick cash? ğŸ’° Join our millionaire secrets program now! No experience needed. Start earning today! Click here to learn more.ğŸ”¥,SPAM
125,Get Rich Quick! ğŸš€ Discover secret investment schemes that guarantee huge returns. No risk involved! Act now and secure your future!,SPAM
126,Lose weight easily! ğŸŒŸ Try our miracle diet pills today. Results in just 7 days. Limited stock! Order now and transform your body!,SPAM
127,"Exclusive offer! ğŸ‰ Download our app now and get free gifts, discounts, and vouchers. Limited time only! Join millions of happy users!",SPAM
128,"Boost your brain power! ğŸ§  Get our nootropic supplements today. Improve focus, memory, and concentration. Order now! Special discounts available.",SPAM
129,Increase your bank balance! ğŸ’¸ Register now for free trading signals and insider tips. Start making money today with zero risks!,SPAM
130,"Hi there! I came across your company and I think we could work together. Iâ€™m interested in discussing potential collaboration opportunities or maybe starting a new business venture. Would love to connect if you're open to it! Cheers, Alex.",SUPPLIERS
131,"Hello! Iâ€™ve been looking for partners to develop a new product line with. Your expertise seems like a perfect fit. Interested in chatting about synergies and how we could team up for mutual growth. Let me know! Best, Jordan.",INQUIRIES
132,"Hey! Iâ€™m exploring options to start a business in the same industry as yours. Would love to discuss possible partnerships or ways we could collaborate for success. Happy to set up a call! Thanks! Cheers, Taylor.",SUPPORT
133,"Hi! I believe our companies could benefit from working together. Iâ€™m keen to discuss joint ventures, investments, or collaborations that can help us both grow faster. Looking forward to hearing from you! Regards, Morgan.",INQUIRIES
134,"Hello! Iâ€™m interested in partnering with your business to expand our reach. Have some ideas for collaboration that could be very beneficial. Would love to connect and explore possibilities. Thanks! Sincerely, Casey.",SUPPLIERS
135,"Hey! Iâ€™ve got a startup idea related to your industry and Iâ€™m looking for potential partners or investors. If youâ€™re interested in collaborating on something innovative, letâ€™s chat! Cheers, Jamie.",INQUIRIES
136,"Hi! Iâ€™m considering launching a project and think your company could be a great collaborator. Would love to discuss how we can work together to create value. Let me know if you're interested! Best, Avery.",SUPPORT
137,"Greetings! I see a lot of potential for us to team up. Iâ€™m eager to explore partnership or new business ideas with you. Letâ€™s set up a time to talk and see how we can collaborate! Thanks, Riley.",INQUIRIES
138,"Hey! Iâ€™m looking into forming strategic alliances in our industry, and your company comes to mind. If youâ€™re up for discussing partnership opportunities, please get back to me! Cheers, Sam.",SUPPLIER
139,"Hi there! I believe a collaboration between our companies could lead to great things. Iâ€™d love to discuss possible business projects or joint ventures. Please let me know if you're interested! Regards, Taylor.",INQUIRIES
140,"Hey! Iâ€™ve been thinking about how we might work together on some new ideas. Maybe a partnership or some joint projects. If youâ€™re open to discussing, let me know! Cheers, Chris.",SUPPORT
141,"Hello! Iâ€™m interested in starting a business relationship with you. I believe there are lots of opportunities for us to collaborate and grow together. Letâ€™s connect soon! Best wishes, Pat.",INQUIRIES
142,"Hi! Just reached out because I think our companies could complement each other nicely. Would love to explore ways we can team up and maybe even co-create some products. Letâ€™s chat! Thanks, Morgan.",SUPPLIERS
143,"Hey there! I have a few ideas on how we can partner up to enter new markets. If youâ€™re interested in exploring some possibilities, Iâ€™d be happy to set up a call. Looking forward, Alex.",INQUIRIES
144,"Greetings! Iâ€™m keen on building strategic alliances that can benefit us both. Would love to discuss potential collaborations or joint ventures. Hit me up! Cheers, Jordan.",SUPPORT
145,"Hi! Iâ€™m exploring options to work with innovative companies like yours. Would you be interested in chatting about a possible business partnership? Let me know! Thanks, Taylor.",SUPPLIER
146,"Hey! Weâ€™re both in related industries, so I think thereâ€™s a lot we could do together. Interested in discussing mutually beneficial projects or investments? Talk soon! Best, Casey.",INQUIRIES
147,"Hello! I believe that combining forces could lead to amazing results. Would love to brainstorm some ideas on how we can support each otherâ€™s growth. Reach out if interested! Regards, Avery.",SUPPORT
148,"Hi! I see potential in a collaboration between us, maybe starting a new joint venture or co-developing products. Would love to hear your thoughts. Letâ€™s connect! Thanks, Riley.",SUPPLIER
149,"Hey! Iâ€™m really excited about potential opportunities to work together. Want to discuss possible partnerships, investments, or other ways to team up. Looking forward! Cheers, Sam.",INQUIRIES
150,"Hi! Iâ€™ve been thinking about how our businesses might complement each other. Interested in exploring collaborations or maybe even co-developing some products. Letâ€™s chat if youâ€™re interested! Best, Taylor.",INQUIRIES
151,"Hey! I see a lot of growth potential if we team up. Want to discuss some ideas on joint ventures or strategic alignment? Hit me up if that sounds good! Cheers, Morgan.",SUPPORT
152,"Hello! I think thereâ€™s a lot we could do together, whether itâ€™s partnerships, investments, or new ventures. Would love to brainstorm with you sometime soon. Thanks! Regards, Casey.",SUPPLIER
153,"Hey! I have a new project idea that I believe could be a win for both of us. Interested in discussing how we could collaborate? Looking forward to your response! Best, Riley.",INQUIRIES
154,"Hi! I think our companies could create something innovative if we work together. Would you be open to a quick call or meeting? Let me know! Cheers, Jamie.",SUPPORT
155,"Hello! Iâ€™m keen on forming strategic partnerships to expand our market reach. If youâ€™re open to collaborating or sharing resources, letâ€™s connect! Thanks, Alex.",SUPPLIER
156,"Hey! Iâ€™m exploring options to co-launch a new service and thought your team might be perfect to partner with. Interested in talking details? Cheers, Jordan.",INQUIRIES
157,"Hi! I believe combining our expertise could lead to amazing opportunities. If youâ€™re interested in discussing potential collaborations, get back to me! Thanks! Best, Taylor.",SUPPORT
158,"Hey! Iâ€™ve got some ideas for a joint business venture that could benefit us both. Would love to set up a time to chat about it. Reach out if youâ€™re interested! Cheers, Morgan.",SUPPLIER
159,"Hello! I think it would be great to brainstorm ways we can work together on new projects. If youâ€™re open to collaboration, let me know when youâ€™re available! Thanks, Casey.",INQUIRIES
160,Ú†Ú¯ÙˆÙ†Ù‡ Ø±Ù…Ø² Ø¹Ø¨ÙˆØ± Ø­Ø³Ø§Ø¨ Ú©Ø§Ø±Ø¨Ø±ÛŒ Ø®ÙˆØ¯ Ø±Ø§ Ø¨Ø§Ø²Ù†Ø´Ø§Ù†ÛŒ Ú©Ù†Ù…ØŸ,INQUIRIES
161,"Û±. ""Ø³ÙØ§Ø±Ø´ Ø§Ø®ÛŒØ± Ø´Ù…Ø§ Ø¨Ø§ Ø´Ù…Ø§Ø±Ù‡ Û±Û²Û³Û´Ûµ Ø¨Ù‡ ØªØ£Ø®ÛŒØ± Ø§ÙØªØ§Ø¯Ù‡ Ø§Ø³Øª. Ø§Ø² Ø§ÛŒÙ† Ø¨Ø§Ø¨Øª Ø¹Ø°Ø±Ø®ÙˆØ§Ù‡ÛŒ Ù…ÛŒâ€ŒÚ©Ù†ÛŒÙ….""",SUPPORT
162,"Ù¾ÛŒØ´Ù†Ù‡Ø§Ø¯ ÙˆÛŒÚ˜Ù‡! ÛŒÚ©ÛŒ Ø¨Ø®Ø±, ÛŒÚ©ÛŒ Ø±Ø§ÛŒÚ¯Ø§Ù† Ø§Ø² Ù‡Ù…Ù‡ Ù…Ø­ØµÙˆÙ„Ø§Øª! ÙÙ‚Ø· Ø¨Ø±Ø§ÛŒ Ù…Ø¯Øª Ù…Ø­Ø¯ÙˆØ¯!",SPAM
163,Ù…Ø§ ØªØ§Ù…ÛŒÙ† Ú©Ù†Ù†Ø¯Ù‡ Ø¹Ù…Ø¯Ù‡ ÙØ±ÙˆØ´ÛŒ Ù‚Ø·Ø¹Ø§Øª Ø§Ù„Ú©ØªØ±ÙˆÙ†ÛŒÚ©ÛŒ Ù‡Ø³ØªÛŒÙ…. Ø¨Ø±Ø§ÛŒ Ù‚ÛŒÙ…Øª Ú¯Ø°Ø§Ø±ÛŒ Ø¹Ù…Ø¯Ù‡ Ø¨Ø§ Ù…Ø§ ØªÙ…Ø§Ø³ Ø¨Ú¯ÛŒØ±ÛŒØ¯.,SUPPLIER
164,"Ø¨Ø¹Ø¯ Ø§Ø² Ø¢Ø®Ø±ÛŒÙ† Ø¨Ù‡â€ŒØ±ÙˆØ²Ø±Ø³Ø§Ù†ÛŒ, Ø¯Ø± Ø¯Ø³ØªØ±Ø³ÛŒ Ø¨Ù‡ Ø¯Ø§Ø´Ø¨ÙˆØ±Ø¯ Ù…Ø´Ú©Ù„ Ø¯Ø§Ø±Ù….",SUPPORT
165,Ø¢ÛŒØ§ Ø¨Ø±Ø§ÛŒ Ù…Ø­ØµÙˆÙ„Ø§Øª Ø®ÙˆØ¯ Ø­Ù…Ù„ Ùˆ Ù†Ù‚Ù„ Ø¨ÛŒÙ† Ø§Ù„Ù…Ù„Ù„ÛŒ Ø§Ø±Ø§Ø¦Ù‡ Ù…ÛŒ Ø¯Ù‡ÛŒØ¯ØŸ,INQUIRY
166,"6. ""ØªØ¨Ø±ÛŒÚ© Ù…ÛŒâ€ŒÚ¯ÙˆÛŒÙ…! Ø´Ù…Ø§ ÛŒÚ© ØªØ¹Ø·ÛŒÙ„Ø§Øª Ø±Ø§ÛŒÚ¯Ø§Ù† Ø¨Ø±Ù†Ø¯Ù‡ Ø´Ø¯ÛŒØ¯! Ø¨Ø±Ø§ÛŒ Ø¯Ø±ÛŒØ§ÙØª Ø§ÛŒÙ†Ø¬Ø§ Ú©Ù„ÛŒÚ© Ú©Ù†ÛŒØ¯!""",SPAM
167,Ø´Ø±Ú©Øª Ù…Ø§ Ù…ÙˆØ§Ø¯ Ø§ÙˆÙ„ÛŒÙ‡ Ø¨Ø±Ø§ÛŒ ØªÙˆÙ„ÛŒØ¯ Ø±Ø§ Ø¨Ø§ Ù†Ø±Ø®â€ŒÙ‡Ø§ÛŒ Ø±Ù‚Ø§Ø¨ØªÛŒ ÙØ±Ø§Ù‡Ù… Ù…ÛŒâ€ŒÚ©Ù†Ø¯.,SUPPLIER
168,"Û¸. ""Ù…Ø­ØµÙˆÙ„ÛŒ Ú©Ù‡ Ø¯Ø±ÛŒØ§ÙØª Ú©Ø±Ø¯Ù… Ø¢Ø³ÛŒØ¨ Ø¯ÛŒØ¯Ù‡ Ø§Ø³Øª. Ú†Ú¯ÙˆÙ†Ù‡ Ù…ÛŒâ€ŒØªÙˆØ§Ù†Ù… Ø¬Ø§ÛŒÚ¯Ø²ÛŒÙ† Ø¢Ù† Ø±Ø§ Ø¯Ø±ÛŒØ§ÙØª Ú©Ù†Ù…ØŸ""",SUPPORT
169,"Û¹- ""Ø³Ø§Ø¹Ø§Øª Ú©Ø§Ø±ÛŒ Ø´Ù…Ø§ Ø¨Ø±Ø§ÛŒ Ø®Ø¯Ù…Ø§Øª Ù…Ø´ØªØ±ÛŒØ§Ù† Ú†Ú¯ÙˆÙ†Ù‡ Ø§Ø³ØªØŸ""",INQUIRY
170,"Ø¨Ø§ Ú©Ø§Ø± Ú©Ø±Ø¯Ù† Ø§Ø² Ø®Ø§Ù†Ù‡, Ù‡ÙØªÙ‡â€ŒØ§ÛŒ Û±Û°,Û°Û°Û° Ø¯Ù„Ø§Ø± Ø¯Ø±Ø¢Ù…Ø¯ Ø¯Ø§Ø´ØªÙ‡ Ø¨Ø§Ø´ÛŒØ¯! Ù†ÛŒØ§Ø²ÛŒ Ø¨Ù‡ ØªØ¬Ø±Ø¨Ù‡ Ù†ÛŒØ³Øª!",SPAM
171,Ù…Ø§ Ø¯Ø± Ù¾Ø§Ø±Ú†Ù‡â€ŒÙ‡Ø§ÛŒ Ù¾Ù†Ø¨Ù‡â€ŒØ§ÛŒ Ø§Ø±Ú¯Ø§Ù†ÛŒÚ© Ø¨Ø±Ø§ÛŒ ØªÙˆÙ„ÛŒØ¯Ú©Ù†Ù†Ø¯Ú¯Ø§Ù† Ù¾ÙˆØ´Ø§Ú© ØªØ®ØµØµ Ø¯Ø§Ø±ÛŒÙ….,SUPPLIER
172,Ø§Ø´ØªØ±Ø§Ú© Ù…Ù† Ø¨Ø¯ÙˆÙ† Ø§Ø¬Ø§Ø²Ù‡ Ù…Ù† ØªÙ…Ø¯ÛŒØ¯ Ø´Ø¯. Ù„Ø·ÙØ§ Ú©Ù…Ú© Ú©Ù†ÛŒØ¯.,SUPPORT
173,Ø¢ÛŒØ§ Ù…ÛŒâ€ŒØªÙˆØ§Ù†Ù… Ø¢Ø¯Ø±Ø³ ØªØ­ÙˆÛŒÙ„ Ø³ÙØ§Ø±Ø´ Ø¯Ø± Ø­Ø§Ù„ Ø§Ù†ØªØ¸Ø§Ø± Ø®ÙˆØ¯ Ø±Ø§ ØªØºÛŒÛŒØ± Ø¯Ù‡Ù…ØŸ,INQUIRY
174,ÙÙˆØ±ÛŒ: Ø­Ø³Ø§Ø¨ Ø´Ù…Ø§ Ù…ÙˆØ±Ø¯ Ù†ÙÙˆØ° Ù‚Ø±Ø§Ø± Ú¯Ø±ÙØªÙ‡ Ø§Ø³Øª. Ù‡Ù…ÛŒÙ† Ø­Ø§Ù„Ø§ Ø§Ø·Ù„Ø§Ø¹Ø§Øª Ø®ÙˆØ¯ Ø±Ø§ ØªØ£ÛŒÛŒØ¯ Ú©Ù†ÛŒØ¯!,SPAM
175,ØªØ§Ù…ÛŒÙ† Ú©Ù†Ù†Ø¯Ù‡ Ù¾ÛŒØ´Ø±Ùˆ Ù‚Ø·Ø¹Ø§Øª Ù…Ø§Ø´ÛŒÙ† Ø¢Ù„Ø§Øª ØµÙ†Ø¹ØªÛŒ Ø§Ø² Ø³Ø§Ù„ 1995,SUPPLIER
176,"ÙˆÙ‚ØªÛŒ Ø³Ø¹ÛŒ Ù…ÛŒâ€ŒÚ©Ù†Ù… ÙØ§ÛŒÙ„â€ŒÙ‡Ø§ Ø±Ø§ Ø¢Ù¾Ù„ÙˆØ¯ Ú©Ù†Ù…, Ø¨Ø±Ù†Ø§Ù…Ù‡ Ù…Ø¯Ø§Ù… Ø§Ø² Ú©Ø§Ø± Ù…ÛŒâ€ŒØ§ÙØªØ¯.",SUPPORT
177,Ú†Ù‡ Ø±ÙˆØ´â€ŒÙ‡Ø§ÛŒ Ù¾Ø±Ø¯Ø§Ø®ØªÛŒ Ø±Ø§ Ø¨Ø±Ø§ÛŒ Ø³ÙØ§Ø±Ø´â€ŒÙ‡Ø§ÛŒ Ø¨ÛŒÙ†â€ŒØ§Ù„Ù…Ù„Ù„ÛŒ Ù…ÛŒâ€ŒÙ¾Ø°ÛŒØ±ÛŒØ¯ØŸ,INQUIRY
178,"Ø´Ù…Ø§ Ø¨Ø±Ø§ÛŒ ÙˆØ§Ù… ÛµÛ°,Û°Û°Û° Ø¯Ù„Ø§Ø±ÛŒ Ø¨Ø§ Ø¨Ù‡Ø±Ù‡ Û°Ùª Ø§Ø² Ù‚Ø¨Ù„ ØªØ£ÛŒÛŒØ¯ Ø´Ø¯Ù‡â€ŒØ§ÛŒØ¯!",SPAM
179,ØªØ£Ù…ÛŒÙ†â€ŒÚ©Ù†Ù†Ø¯Ù‡â€ŒÛŒ Ø¨Ø±ØªØ± Ù…Ø¨Ù„Ù…Ø§Ù† Ø§Ø¯Ø§Ø±ÛŒ Ø¨Ø§ Ø§Ù…Ú©Ø§Ù† ØªØ­ÙˆÛŒÙ„ Ø±ÙˆØ² Ø¨Ø¹Ø¯,SUPPLIER
180,Ú†Ú¯ÙˆÙ†Ù‡ Ø§Ø´ØªØ±Ø§Ú© Ø¯ÙˆØ±Ù‡â€ŒØ§ÛŒ Ø®ÙˆØ¯ Ø±Ø§ Ù„ØºÙˆ Ú©Ù†Ù…ØŸ,SUPPORT
181,"Ù…ÙˆØ¶ÙˆØ¹: Ù…Ø´Ú©Ù„ Ø¨Ø§ Ø³ÙØ§Ø±Ø´ Ø§Ø®ÛŒØ± Ø´Ù…Ø§Ø±Ù‡ 78910\n\nØªÛŒÙ… SUPPORT Ù…Ø´ØªØ±ÛŒØ§Ù† Ø¹Ø²ÛŒØ²,\n\nØ§Ù…ÛŒØ¯ÙˆØ§Ø±Ù… Ø§ÛŒÙ† Ø§ÛŒÙ…ÛŒÙ„ Ø¨Ù‡ Ø¯Ø³Øª Ø´Ù…Ø§ Ø¨Ø±Ø³Ø¯. Ù…Ù† Ø¯Ø± Ù…ÙˆØ±Ø¯ Ø³ÙØ§Ø±Ø´ Ø§Ø®ÛŒØ±Ù… (Ø´Ù…Ø§Ø±Ù‡ 78910) Ú©Ù‡ Ø¯Ø± ÙˆØ¨â€ŒØ³Ø§ÛŒØª Ø´Ù…Ø§ Ù‚Ø±Ø§Ø± Ø¯Ø§Ø¯Ù‡ Ø´Ø¯Ù‡ Ø§Ø³Øª, Ù…ÛŒâ€ŒÙ†ÙˆÛŒØ³Ù…. Ù…ØªØ£Ø³ÙØ§Ù†Ù‡, Ø¨Ø§ Ù…Ø´Ú©Ù„ÛŒ Ø¯Ø± ØªØ­ÙˆÛŒÙ„ Ù…ÙˆØ§Ø¬Ù‡ Ø´Ø¯Ù‡â€ŒØ§Ù…. Ø§Ø·Ù„Ø§Ø¹Ø§Øª Ø±Ø¯ÛŒØ§Ø¨ÛŒ Ù†Ø´Ø§Ù† Ù…ÛŒâ€ŒØ¯Ù‡Ø¯ Ú©Ù‡ Ø¨Ø³ØªÙ‡ Ø¨Ù‡ Ø¹Ù†ÙˆØ§Ù† ØªØ­ÙˆÛŒÙ„ Ø¯Ø§Ø¯Ù‡ Ø´Ø¯Ù‡ Ø¹Ù„Ø§Ù…Øªâ€ŒÚ¯Ø°Ø§Ø±ÛŒ Ø´Ø¯Ù‡ Ø§Ø³Øª, Ø§Ù…Ø§ Ù…Ù† Ø¢Ù† Ø±Ø§ Ø¯Ø±ÛŒØ§ÙØª Ù†Ú©Ø±Ø¯Ù‡â€ŒØ§Ù…. Ù…Ù† Ø¨Ø§ Ù‡Ù…Ø³Ø§ÛŒÚ¯Ø§Ù† Ùˆ Ø§Ø¯Ø§Ø±Ù‡ Ù¾Ø³Øª Ù…Ø­Ù„ÛŒ ØªÙ…Ø§Ø³ Ú¯Ø±ÙØªÙ‡â€ŒØ§Ù…, Ø§Ù…Ø§ Ø¢Ù†Ù‡Ø§ Ù‡ÛŒÚ† Ø³Ø§Ø¨Ù‚Ù‡â€ŒØ§ÛŒ Ø§Ø² Ø¢Ù† Ù†Ø¯Ø§Ø±Ù†Ø¯. Ø¢ÛŒØ§ Ù…ÛŒâ€ŒØªÙˆØ§Ù†ÛŒØ¯ Ù„Ø·ÙØ§Ù‹ Ø§ÛŒÙ† Ù…ÙˆØ¶ÙˆØ¹ Ø±Ø§ Ø¨Ø±Ø±Ø³ÛŒ Ú©Ø±Ø¯Ù‡ Ùˆ Ø¨Ù‡â€ŒØ±ÙˆØ²Ø±Ø³Ø§Ù†ÛŒ Ø§Ø±Ø§Ø¦Ù‡ Ø¯Ù‡ÛŒØ¯ØŸ ØªØ£ÛŒÛŒØ¯ Ø³ÙØ§Ø±Ø´ Ùˆ Ø¬Ø²Ø¦ÛŒØ§Øª Ø§Ø±Ø³Ø§Ù„ Ø±Ø§ Ø¨Ø±Ø§ÛŒ Ø§Ø·Ù„Ø§Ø¹ Ø´Ù…Ø§ Ù¾ÛŒÙˆØ³Øª Ú©Ø±Ø¯Ù‡â€ŒØ§Ù….\n\nØ¹Ù„Ø§ÙˆÙ‡ Ø¨Ø± Ø§ÛŒÙ†, Ø§Ú¯Ø± Ø¨ØªÙˆØ§Ù†ÛŒØ¯ ØªØ£ÛŒÛŒØ¯ Ú©Ù†ÛŒØ¯ Ú©Ù‡ Ø¢ÛŒØ§ Ø¯Ø± ØµÙˆØ±Øª Ú¯Ù… Ø´Ø¯Ù† Ø¨Ø³ØªÙ‡, Ø§Ù…Ú©Ø§Ù† ØªØ¹ÙˆÛŒØ¶ ÛŒØ§ Ø¨Ø§Ø²Ù¾Ø±Ø¯Ø§Ø®Øª ÙˆØ¬ÙˆØ¯ Ø¯Ø§Ø±Ø¯, Ø³Ù¾Ø§Ø³Ú¯Ø²Ø§Ø± Ø®ÙˆØ§Ù‡Ù… Ø¨ÙˆØ¯. Ø§Ø² Ú©Ù…Ú© Ø´Ù…Ø§ Ù…ØªØ´Ú©Ø±Ù… Ùˆ Ù…Ø´ØªØ§Ù‚Ø§Ù†Ù‡ Ù…Ù†ØªØ¸Ø± Ù¾Ø§Ø³Ø® Ø³Ø±ÛŒØ¹ Ø´Ù…Ø§ Ù‡Ø³ØªÙ….\n\nØ¨Ø§ Ø§Ø­ØªØ±Ø§Ù…,\nØ¬Ø§Ù† Ø§Ø³Ù…ÛŒØª",SUPPORT
182,"Ù…ÙˆØ¶ÙˆØ¹:INQUIRY Ø¯Ø± Ù…ÙˆØ±Ø¯ ØªØ®ÙÛŒÙâ€ŒÙ‡Ø§ÛŒ Ø³ÙØ§Ø±Ø´ Ø¹Ù…Ø¯Ù‡\n\nØ³Ù„Ø§Ù… ØªÛŒÙ… ÙØ±ÙˆØ´,\n\nÙ…Ù† Ø§Ø² Ø·Ø±Ù Ø®Ø±Ø¯Ù‡â€ŒÙØ±ÙˆØ´Ø§Ù† ABC Ø¨Ø§ Ø´Ù…Ø§ ØªÙ…Ø§Ø³ Ù…ÛŒâ€ŒÚ¯ÛŒØ±Ù… Ùˆ Ø¹Ù„Ø§Ù‚Ù‡â€ŒÙ…Ù†Ø¯ Ø¨Ù‡ Ø®Ø±ÛŒØ¯ Ø¹Ù…Ø¯Ù‡ Ù…Ø­ØµÙˆÙ„Ø§Øª Ø´Ù…Ø§ Ø¨Ø±Ø§ÛŒ ÙØ±ÙˆØ´Ú¯Ø§Ù‡â€ŒÙ‡Ø§ÛŒÙ…Ø§Ù† Ù‡Ø³ØªÛŒÙ…. Ø¨Ù‡â€ŒØ·ÙˆØ± Ø®Ø§Øµ, Ù…Ø§ Ø¯Ø± Ø­Ø§Ù„ Ø¨Ø±Ø±Ø³ÛŒ Ø³Ø±ÛŒ Model X Ø´Ù…Ø§ Ù‡Ø³ØªÛŒÙ… Ùˆ Ù…ÛŒâ€ŒØ®ÙˆØ§Ù‡ÛŒÙ… Ø¨Ø¯Ø§Ù†ÛŒÙ… Ú©Ù‡ Ø¢ÛŒØ§ Ø¨Ø±Ø§ÛŒ Ø³ÙØ§Ø±Ø´â€ŒÙ‡Ø§ÛŒ Ø¨Ø§Ù„Ø§ÛŒ ÛµÛ°Û° ÙˆØ§Ø­Ø¯ ØªØ®ÙÛŒÙ Ø­Ø¬Ù…ÛŒ Ø§Ø±Ø§Ø¦Ù‡ Ù…ÛŒâ€ŒØ¯Ù‡ÛŒØ¯ ÛŒØ§ Ø®ÛŒØ±. Ø¢ÛŒØ§ Ù…ÛŒâ€ŒØªÙˆØ§Ù†ÛŒØ¯ Ù„ÛŒØ³Øª Ù‚ÛŒÙ…Øª Ùˆ Ù‡Ø±Ú¯ÙˆÙ†Ù‡ Ù¾ÛŒØ´Ù†Ù‡Ø§Ø¯ ÙˆÛŒÚ˜Ù‡ Ù…ÙˆØ¬ÙˆØ¯ Ø±Ø§ Ø§Ø±Ø§Ø¦Ù‡ Ø¯Ù‡ÛŒØ¯ØŸ\n\nÙ…Ø§ Ù‡Ù…Ú†Ù†ÛŒÙ† Ø¹Ù„Ø§Ù‚Ù‡â€ŒÙ…Ù†Ø¯ Ø¨Ù‡ Ø´Ø±Ø§ÛŒØ· Ø­Ù…Ù„ Ùˆ Ù†Ù‚Ù„, Ø²Ù…Ø§Ù† ØªØ­ÙˆÛŒÙ„ Ùˆ Ø§ÛŒÙ†Ú©Ù‡ Ø¢ÛŒØ§ Ø§Ø² Ø§Ø±Ø³Ø§Ù„â€ŒÙ‡Ø§ÛŒ Ø¨ÛŒÙ†â€ŒØ§Ù„Ù…Ù„Ù„ÛŒ Ø¨Ù‡ Ú©Ø§Ù†Ø§Ø¯Ø§ SUPPORT Ù…ÛŒâ€ŒÚ©Ù†ÛŒØ¯, Ù‡Ø³ØªÛŒÙ…. Ø¯Ø± ØµÙˆØ±Øª Ø§Ù…Ú©Ø§Ù†, Ù„Ø·ÙØ§Ù‹ Ù‡Ø±Ú¯ÙˆÙ†Ù‡ Ø§Ù„Ø²Ø§Ù…Ø§Øª MOQ (Ø­Ø¯Ø§Ù‚Ù„ Ù…Ù‚Ø¯Ø§Ø± Ø³ÙØ§Ø±Ø´) Ùˆ Ø³ÛŒØ§Ø³Øªâ€ŒÙ‡Ø§ÛŒ Ù†Ù…ÙˆÙ†Ù‡ Ø±Ø§ Ø°Ú©Ø± Ú©Ù†ÛŒØ¯. Ù…Ø§ Ø§ÛŒÙ† Ù…Ø§Ù‡ Ø¯Ø± Ø­Ø§Ù„ Ø§Ø±Ø²ÛŒØ§Ø¨ÛŒSUPPLIER Ù‡Ø³ØªÛŒÙ… Ùˆ Ø§Ø² Ù¾Ø§Ø³Ø® Ø³Ø±ÛŒØ¹ Ø´Ù…Ø§ Ø¨Ø±Ø§ÛŒ Ú©Ù…Ú© Ø¨Ù‡ ÙØ±Ø¢ÛŒÙ†Ø¯ ØªØµÙ…ÛŒÙ…â€ŒÚ¯ÛŒØ±ÛŒ Ù‚Ø¯Ø±Ø¯Ø§Ù†ÛŒ Ù…ÛŒâ€ŒÚ©Ù†ÛŒÙ….\n\nÙ…Ø´ØªØ§Ù‚Ø§Ù†Ù‡ Ù…Ù†ØªØ¸Ø± Ù¾Ø§Ø³Ø® Ø´Ù…Ø§ Ù‡Ø³ØªÛŒÙ….\n\nØ¨Ø§ Ø§Ø­ØªØ±Ø§Ù…,\nÙ„ÛŒØ²Ø§ Ø¬Ø§Ù†Ø³ÙˆÙ†\nÙ…Ø¯ÛŒØ± ØªØ¯Ø§Ø±Ú©Ø§Øª\nØ®Ø±Ø¯Ù‡â€ŒÙØ±ÙˆØ´Ø§Ù† ABC",INQUIRY
183,"Ù…ÙˆØ¶ÙˆØ¹: ÙÙˆØ±ÛŒ: Ù‡Ø´Ø¯Ø§Ø± Ø§Ù…Ù†ÛŒØªÛŒ Ø­Ø³Ø§Ø¨ Ø´Ù…Ø§!\n\nÙ…Ø´ØªØ±ÛŒ Ú¯Ø±Ø§Ù…ÛŒ,\n\nÙ…Ø§ ÙØ¹Ø§Ù„ÛŒØª Ù…Ø´Ú©ÙˆÚ©ÛŒ Ø±Ø§ Ø¯Ø± Ø­Ø³Ø§Ø¨ Ø´Ù…Ø§ Ø´Ù†Ø§Ø³Ø§ÛŒÛŒ Ú©Ø±Ø¯Ù‡â€ŒØ§ÛŒÙ…! Ø¨Ø±Ø§ÛŒ Ø§Ù…Ù†ÛŒØª Ø´Ù…Ø§, Ø¯Ø³ØªØ±Ø³ÛŒ Ø±Ø§ Ø¨Ù‡ Ø·ÙˆØ± Ù…ÙˆÙ‚Øª Ù…Ø­Ø¯ÙˆØ¯ Ú©Ø±Ø¯Ù‡â€ŒØ§ÛŒÙ…. Ø¨Ø±Ø§ÛŒ ØªØ£ÛŒÛŒØ¯ Ù‡ÙˆÛŒØª Ùˆ Ø¨Ø§Ø²ÛŒØ§Ø¨ÛŒ Ø¯Ø³ØªØ±Ø³ÛŒ, Ù„Ø·ÙØ§Ù‹ Ø¸Ø±Ù 24 Ø³Ø§Ø¹Øª Ø¢ÛŒÙ†Ø¯Ù‡ Ø±ÙˆÛŒ Ù„ÛŒÙ†Ú© Ø²ÛŒØ± Ú©Ù„ÛŒÚ© Ú©Ù†ÛŒØ¯:\n\n[Ù„ÛŒÙ†Ú© Ù…Ø®Ø±Ø¨ Ø­Ø°Ù Ø´Ø¯]\n\nØ¹Ø¯Ù… Ø§Ù‚Ø¯Ø§Ù… Ù…Ù…Ú©Ù† Ø§Ø³Øª Ù…Ù†Ø¬Ø± Ø¨Ù‡ ØªØ¹Ù„ÛŒÙ‚ Ø¯Ø§Ø¦Ù…ÛŒ Ø­Ø³Ø§Ø¨ Ø´ÙˆØ¯. Ø§ÛŒÙ† ÛŒÚ© Ù¾ÛŒØ§Ù… Ø®ÙˆØ¯Ú©Ø§Ø± Ø§Ø³Øª - Ø¨Ù‡ Ø§ÛŒÙ† Ø§ÛŒÙ…ÛŒÙ„ Ù¾Ø§Ø³Ø® Ù†Ø¯Ù‡ÛŒØ¯. Ø§Ú¯Ø± Ø´Ù…Ø§ Ø§ÛŒÙ† Ø¯Ø±Ø®ÙˆØ§Ø³Øª Ø±Ø§ Ø´Ø±ÙˆØ¹ Ù†Ú©Ø±Ø¯Ù‡â€ŒØ§ÛŒØ¯, ÙÙˆØ±Ø§Ù‹ Ø¨Ø§ ØªÛŒÙ… SUPPORT Ù…Ø§ Ø§Ø² Ø·Ø±ÛŒÙ‚ [Ø§ÛŒÙ…ÛŒÙ„ SUPPORT Ø¬Ø¹Ù„ÛŒ] ØªÙ…Ø§Ø³ Ø¨Ú¯ÛŒØ±ÛŒØ¯.\n\nØ§Ø² Ù‡Ù…Ú©Ø§Ø±ÛŒ Ø´Ù…Ø§ Ù…ØªØ´Ú©Ø±ÛŒÙ….\n\nØªÛŒÙ… Ø§Ù…Ù†ÛŒØªÛŒ\n[Ù†Ø§Ù… Ø´Ø±Ú©Øª Ø¬Ø¹Ù„ÛŒ]",SPAM
184,"3""Ù…ÙˆØ¶ÙˆØ¹: ÙØ±ØµØª Ù‡Ù…Ú©Ø§Ø±ÛŒ - ØªØ§Ù…ÛŒÙ† ØªØ¬Ù‡ÛŒØ²Ø§Øª ØµÙ†Ø¹ØªÛŒ\n\nØªÛŒÙ… ØªØ¯Ø§Ø±Ú©Ø§Øª Ø¹Ø²ÛŒØ²\n\nØ§Ù…ÛŒØ¯ÙˆØ§Ø±Ù… Ø­Ø§Ù„ Ø´Ù…Ø§ Ø®ÙˆØ¨ Ø¨Ø§Ø´Ø¯. Ù…Ø§ XYZ Industrial Supplies\n ØªÙˆÙ„ÛŒØ¯Ú©Ù†Ù†Ø¯Ù‡ Ùˆ ØªÙˆØ²ÛŒØ¹â€ŒÚ©Ù†Ù†Ø¯Ù‡ Ù¾ÛŒØ´Ø±Ùˆ Ù‚Ø·Ø¹Ø§Øª Ù…Ø§Ø´ÛŒÙ†â€ŒØ¢Ù„Ø§Øª ØµÙ†Ø¹ØªÛŒ Ø¨Ø§ Ú©ÛŒÙÛŒØª Ø¨Ø§Ù„Ø§",SUPPLIER
185,"Ù…ÙˆØ¶ÙˆØ¹: Ù…Ø´Ú©Ù„ ÙÙ†ÛŒ - Ø¨Ø±Ù†Ø§Ù…Ù‡ Ù‡Ù†Ú¯Ø§Ù… ÙˆØ±ÙˆØ¯ Ø¨Ù‡ Ø³ÛŒØ³ØªÙ… Ø®Ø±Ø§Ø¨ Ù…ÛŒâ€ŒØ´ÙˆØ¯\n\nØ³Ù„Ø§Ù… SUPPORT,\n\nÙ…Ù† Ú†Ù†Ø¯ÛŒÙ† Ù…Ø§Ù‡ Ø§Ø³Øª Ú©Ù‡ Ø¨Ø¯ÙˆÙ† Ù…Ø´Ú©Ù„ Ø§Ø² Ø¨Ø±Ù†Ø§Ù…Ù‡ ØªÙ„ÙÙ† Ù‡Ù…Ø±Ø§Ù‡ Ø´Ù…Ø§ Ø§Ø³ØªÙØ§Ø¯Ù‡ Ù…ÛŒâ€ŒÚ©Ù†Ù…, Ø§Ù…Ø§ Ù¾Ø³ Ø§Ø² Ø¢Ø®Ø±ÛŒÙ† Ø¨Ù‡â€ŒØ±ÙˆØ²Ø±Ø³Ø§Ù†ÛŒ (Ù†Ø³Ø®Ù‡ 3.2.0), Ø¨Ù„Ø§ÙØ§ØµÙ„Ù‡ Ù¾Ø³ Ø§Ø² Ø§Ø¬Ø±Ø§ Ø®Ø±Ø§Ø¨ Ù…ÛŒâ€ŒØ´ÙˆØ¯. Ù…Ù† Ù†ØµØ¨ Ù…Ø¬Ø¯Ø¯, Ù¾Ø§Ú© Ú©Ø±Ø¯Ù† Ø­Ø§ÙØ¸Ù‡ Ù¾Ù†Ù‡Ø§Ù† Ùˆ Ø±Ø§Ù‡â€ŒØ§Ù†Ø¯Ø§Ø²ÛŒ Ù…Ø¬Ø¯Ø¯ Ø¯Ø³ØªÚ¯Ø§Ù‡Ù… (Ø¢ÛŒÙÙˆÙ† 14, iOS 16.5) Ø±Ø§ Ø§Ù…ØªØ­Ø§Ù† Ú©Ø±Ø¯Ù‡â€ŒØ§Ù…, Ø§Ù…Ø§ Ù…Ø´Ú©Ù„ Ù‡Ù…Ú†Ù†Ø§Ù† Ø§Ø¯Ø§Ù…Ù‡ Ø¯Ø§Ø±Ø¯. Ø§ÛŒÙ† Ù…Ø´Ú©Ù„ Ø¨Ø± Ø¯Ø³ØªØ±Ø³ÛŒ Ù…Ù† Ø¨Ù‡ ÙˆÛŒÚ˜Ú¯ÛŒâ€ŒÙ‡Ø§ÛŒ Ù…Ù‡Ù… Ø­Ø³Ø§Ø¨ ØªØ£Ø«ÛŒØ± Ù…ÛŒâ€ŒÚ¯Ø°Ø§Ø±Ø¯.\n\nØ¢ÛŒØ§ Ù…ÛŒâ€ŒØªÙˆØ§Ù†ÛŒØ¯ Ù„Ø·ÙØ§Ù‹ Ø§ÛŒÙ† Ù…ÙˆØ¶ÙˆØ¹ Ø±Ø§ Ø¨Ù‡ ØªÛŒÙ… ÙÙ†ÛŒ Ø®ÙˆØ¯ Ø§Ø·Ù„Ø§Ø¹ Ø¯Ù‡ÛŒØ¯ØŸ Ø§Ú¯Ø± Ù…Ø´Ú©Ù„ Ø´Ù†Ø§Ø®ØªÙ‡â€ŒØ´Ø¯Ù‡â€ŒØ§ÛŒ ÙˆØ¬ÙˆØ¯ Ø¯Ø§Ø±Ø¯, Ø¢ÛŒØ§ Ø¬Ø¯ÙˆÙ„ Ø²Ù…Ø§Ù†ÛŒ ØªÙ‚Ø±ÛŒØ¨ÛŒ Ø¨Ø±Ø§ÛŒ Ø±ÙØ¹ Ø¢Ù† ÙˆØ¬ÙˆØ¯ Ø¯Ø§Ø±Ø¯ØŸ Ø§Ø² Ø·Ø±Ù Ø¯ÛŒÚ¯Ø±, Ø¢ÛŒØ§ Ø±Ø§Ù‡â€ŒØ­Ù„ÛŒ Ù…Ø§Ù†Ù†Ø¯ Ø¨Ø§Ø²Ú¯Ø´Øª Ø¨Ù‡ Ù†Ø³Ø®Ù‡ Ù‚Ø¨Ù„ÛŒ ÙˆØ¬ÙˆØ¯ Ø¯Ø§Ø±Ø¯ØŸ Ù…Ù† ÛŒÚ© Ø¶Ø¨Ø· ØµÙØ­Ù‡ Ø§Ø² Ø®Ø±Ø§Ø¨ÛŒ Ø±Ø§ Ø¨Ø±Ø§ÛŒ Ù…Ø±Ø¬Ø¹ Ù¾ÛŒÙˆØ³Øª Ú©Ø±Ø¯Ù‡â€ŒØ§Ù….\n\nØ§Ø² Ú©Ù…Ú© Ø´Ù…Ø§ Ù…ØªØ´Ú©Ø±Ù….\n\nØ¨Ø§ Ø§Ø­ØªØ±Ø§Ù…,\nØ³Ø§Ø±Ø§ ÙˆÛŒÙ„ÛŒØ§Ù…Ø²",SUPPORT
186,"Ù…ÙˆØ¶ÙˆØ¹: Ø¯Ø±Ø®ÙˆØ§Ø³Øª Ù…Ø´Ø®ØµØ§Øª Ù…Ø­ØµÙˆÙ„\n\nØ®Ø¯Ù…Ø§Øª Ù…Ø´ØªØ±ÛŒØ§Ù† Ú¯Ø±Ø§Ù…ÛŒ,\n\nÙ…Ù† Ø¨Ù‡ Ù…Ø¯Ù„ Z-2000 Ø´Ù…Ø§ Ø¹Ù„Ø§Ù‚Ù‡â€ŒÙ…Ù†Ø¯ Ù‡Ø³ØªÙ… Ø§Ù…Ø§ Ù‚Ø¨Ù„ Ø§Ø² Ø®Ø±ÛŒØ¯ Ø¨Ù‡ Ø¬Ø²Ø¦ÛŒØ§Øª Ø¨ÛŒØ´ØªØ±ÛŒ Ù†ÛŒØ§Ø² Ø¯Ø§Ø±Ù…. Ø¨Ù‡ Ø·ÙˆØ± Ø®Ø§Øµ, Ù…ÛŒâ€ŒØ®ÙˆØ§Ù‡Ù… Ø¨Ø¯Ø§Ù†Ù…:\n- Ø§Ø¨Ø¹Ø§Ø¯ Ùˆ ÙˆØ²Ù†\n- Ø§Ù„Ø²Ø§Ù…Ø§Øª Ø¨Ø±Ù‚ (ÙˆÙ„ØªØ§Ú˜, ÙˆØ§Øª)\n- Ø³Ø§Ø²Ú¯Ø§Ø±ÛŒ Ø¨Ø§ Ù„ÙˆØ§Ø²Ù… Ø¬Ø§Ù†Ø¨ÛŒ Ø´Ø®Øµ Ø«Ø§Ù„Ø«\n- Ø´Ø±Ø§ÛŒØ· Ú¯Ø§Ø±Ø§Ù†ØªÛŒ\n\nØ¹Ù„Ø§ÙˆÙ‡ Ø¨Ø± Ø§ÛŒÙ†, Ø¢ÛŒØ§ Ú¯Ø²ÛŒÙ†Ù‡â€ŒÙ‡Ø§ÛŒ Ú¯Ø§Ø±Ø§Ù†ØªÛŒ Ø·ÙˆÙ„Ø§Ù†ÛŒ Ù…Ø¯Øª Ø§Ø±Ø§Ø¦Ù‡ Ù…ÛŒâ€ŒØ¯Ù‡ÛŒØ¯ØŸ Ù…Ù† Ù†ØªÙˆØ§Ù†Ø³ØªÙ… Ø§ÛŒÙ† Ø§Ø·Ù„Ø§Ø¹Ø§Øª Ø±Ø§ Ø¯Ø± ÙˆØ¨â€ŒØ³Ø§ÛŒØª Ø´Ù…Ø§ Ù¾ÛŒØ¯Ø§ Ú©Ù†Ù…. Ø¯Ø± ØµÙˆØ±Øª Ø§Ù…Ú©Ø§Ù†, Ù„Ø·ÙØ§Ù‹ Ø¯ÙØªØ±Ú†Ù‡â€ŒÙ‡Ø§ÛŒ Ø±Ø§Ù‡Ù†Ù…Ø§ÛŒ Ú©Ø§Ø±Ø¨Ø± ÛŒØ§ Ø±Ø§Ù‡Ù†Ù…Ø§ÛŒ Ù†ØµØ¨ Ø±Ø§ Ù†ÛŒØ² Ø¨Ø±Ø§ÛŒ Ø¨Ø±Ø±Ø³ÛŒ Ø¨Ù‡ Ø§Ø´ØªØ±Ø§Ú© Ø¨Ú¯Ø°Ø§Ø±ÛŒØ¯.\n\nÙ…Ø´ØªØ§Ù‚Ø§Ù†Ù‡ Ù…Ù†ØªØ¸Ø± Ù¾Ø§Ø³Ø® Ø´Ù…Ø§ Ù‡Ø³ØªÙ….\n\nØ¨Ø§ Ø¢Ø±Ø²ÙˆÛŒ Ø¨Ù‡ØªØ±ÛŒÙ†â€ŒÙ‡Ø§,\nØ¯ÛŒÙˆÛŒØ¯ Ù„ÛŒ",INQUIRY
187,"Ù…ÙˆØ¶ÙˆØ¹: Ø´Ù…Ø§ ÛŒÚ© Ø¬Ø§ÛŒØ²Ù‡ 10,000 Ø¯Ù„Ø§Ø±ÛŒ Ø¨Ø±Ù†Ø¯Ù‡ Ø´Ø¯Ù‡â€ŒØ§ÛŒØ¯!\n\nØªØ¨Ø±ÛŒÚ© Ù…ÛŒâ€ŒÚ¯ÙˆÛŒÛŒÙ…!\n\nØ´Ù…Ø§ Ø¨Ù‡ Ø¹Ù†ÙˆØ§Ù† Ø¨Ø±Ù†Ø¯Ù‡ Ø¬Ø§ÛŒØ²Ù‡ Ø¨Ø²Ø±Ú¯ Ø³Ø§Ù„Ø§Ù†Ù‡ Ù…Ø§ Ø§Ù†ØªØ®Ø§Ø¨ Ø´Ø¯Ù‡â€ŒØ§ÛŒØ¯! Ø¨Ø±Ø§ÛŒ Ø¯Ø±ÛŒØ§ÙØª Ø¬Ø§ÛŒØ²Ù‡ Ù†Ù‚Ø¯ÛŒ 10,000 Ø¯Ù„Ø§Ø±ÛŒ Ø®ÙˆØ¯, Ú©Ø§ÙÛŒØ³Øª Ø±ÙˆÛŒ Ù„ÛŒÙ†Ú© Ø²ÛŒØ± Ú©Ù„ÛŒÚ© Ú©Ù†ÛŒØ¯ Ùˆ ÙØ±Ù… ØªØ£ÛŒÛŒØ¯ Ø±Ø§ Ø¸Ø±Ù 24 Ø³Ø§Ø¹Øª ØªÚ©Ù…ÛŒÙ„ Ú©Ù†ÛŒØ¯:\n\n[Ù„ÛŒÙ†Ú© Ø¬Ø¹Ù„ÛŒ Ø­Ø°Ù Ø´Ø¯]\n\nØ§ÛŒÙ† ÛŒÚ© Ù¾ÛŒØ´Ù†Ù‡Ø§Ø¯ Ø¨Ø§ Ù…Ø¯Øª Ø²Ù…Ø§Ù† Ù…Ø­Ø¯ÙˆØ¯ Ø§Ø³Øª - Ø¹Ø¯Ù… Ù¾Ø§Ø³Ø® Ù…Ù†Ø¬Ø± Ø¨Ù‡ Ø§Ø² Ø¯Ø³Øª Ø¯Ø§Ø¯Ù† Ø¬Ø§ÛŒØ²Ù‡ Ø´Ù…Ø§ Ø®ÙˆØ§Ù‡Ø¯ Ø´Ø¯. Ù†ÛŒØ§Ø²ÛŒ Ø¨Ù‡ Ø®Ø±ÛŒØ¯ Ù†ÛŒØ³Øª. Ù…Ù…Ú©Ù† Ø§Ø³Øª Ù…Ø§Ù„ÛŒØ§Øª Ùˆ Ù‡Ø²ÛŒÙ†Ù‡ Ø§Ø¹Ù…Ø§Ù„ Ø´ÙˆØ¯. Ø§ÛŒÙ† Ø§ÛŒÙ…ÛŒÙ„ Ø¨Ù‡ Ø¯Ù„ÛŒÙ„ Ø¹Ø¶ÙˆÛŒØª Ø´Ù…Ø§ Ø¯Ø± Ù„ÛŒØ³Øª Ù¾Ø³ØªÛŒ Ù…Ø§ Ø¨Ø±Ø§ÛŒ Ø´Ù…Ø§ Ø§Ø±Ø³Ø§Ù„ Ø´Ø¯Ù‡ Ø§Ø³Øª. Ø¨Ø±Ø§ÛŒ Ù„ØºÙˆ Ø§Ø´ØªØ±Ø§Ú©, Ø§ÛŒÙ†Ø¬Ø§ Ø±Ø§ Ú©Ù„ÛŒÚ© Ú©Ù†ÛŒØ¯ [Ù„ÛŒÙ†Ú© Ù„ØºÙˆ Ø§Ø´ØªØ±Ø§Ú© Ø¬Ø¹Ù„ÛŒ].\n\nØ¨Ø®Ø´ Ø¨Ø§Ø²Ø®Ø±ÛŒØ¯ Ø¬Ø§ÛŒØ²Ù‡\n[Ø´Ø±Ú©Øª Ø¬Ø¹Ù„ÛŒ]",SPAM
188,"7""Ù…ÙˆØ¶ÙˆØ¹:INQUIRY Ø¹Ù…Ø¯Ù‡ ÙØ±ÙˆØ´ÛŒ Ù…Ø¨Ù„Ù…Ø§Ù† Ø§Ø¯Ø§Ø±ÛŒ\n\nØ³Ù„Ø§Ù…\n\nÙ…Ø§ Ø´Ø±Ú©Øª Ø±Ø§Ù‡Ú©Ø§Ø±Ù‡Ø§ÛŒ Ø§Ø¯Ø§Ø±ÛŒ Ù‡Ø³ØªÛŒÙ… Ù…ÛŒØ² Ùˆ Ø±Ø§Ù‡Ú©Ø§Ø±Ù‡Ø§ÛŒ Ø§Ù†Ø¨Ø§Ø±Ø¯Ø§Ø±ÛŒ Ø±Ø§ Ø¨Ø±Ø§ÛŒ Ù…Ø´ØªØ±ÛŒØ§Ù† Ø´Ø±Ú©ØªÛŒ Ùˆ Ù…ÙˆØ³Ø³Ø§Øª Ø¢Ù…ÙˆØ²Ø´ÛŒ Ø¹Ø±Ø¶Ù‡ Ù…ÛŒâ€ŒÚ©Ù†ÛŒÙ…. Ù…Ø­ØµÙˆÙ„Ø§Øª Ù…Ø§ Ø¯Ø§Ø±Ø§ÛŒ Ú¯ÙˆØ§Ù‡ÛŒÙ†Ø§Ù…Ù‡ BIFMA Ù‡Ø³ØªÙ†Ø¯ Ùˆ Ø¯Ø§Ø±Ø§ÛŒ 5 Ø³Ø§Ù„ Ú¯Ø§Ø±Ø§Ù†ØªÛŒ Ù…ÛŒâ€ŒØ¨Ø§Ø´Ù†Ø¯.\n\nÙ…Ø§ Ù…Ø§ÛŒÙ„ÛŒÙ… Ú©Ø§ØªØ§Ù„ÙˆÚ¯ Ø®ÙˆØ¯ Ø±Ø§ Ù…Ø¹Ø±ÙÛŒ Ú©Ù†ÛŒÙ… Ùˆ Ø¯Ø± Ù…ÙˆØ±Ø¯ Ù‚ÛŒÙ…Øª Ú¯Ø°Ø§Ø±ÛŒ Ø¹Ù…Ø¯Ù‡ Ø¨Ø§Ù„Ù‚ÙˆÙ‡ Ø¨Ø±Ø§ÛŒ Ø³Ø§Ø²Ù…Ø§Ù† Ø´Ù…Ø§ Ø¨Ø­Ø« Ú©Ù†ÛŒÙ…. ÙˆÛŒÚ˜Ú¯ÛŒâ€ŒÙ‡Ø§ÛŒ Ú©Ù„ÛŒØ¯ÛŒ Ø¹Ø¨Ø§Ø±ØªÙ†Ø¯ Ø§Ø²:\n- Ú¯Ø²ÛŒÙ†Ù‡â€ŒÙ‡Ø§ÛŒ Ø¨Ø±Ù†Ø¯Ø³Ø§Ø²ÛŒ Ø³ÙØ§Ø±Ø´ÛŒ\n- Ù…ÙˆØ§Ø¯ Ø³Ø§Ø²Ú¯Ø§Ø± Ø¨Ø§ Ù…Ø­ÛŒØ· Ø²ÛŒØ³Øª\n- Ø²Ù…Ø§Ù† ØªØ­ÙˆÛŒÙ„ Ø³Ø±ÛŒØ¹ (2-3 Ù‡ÙØªÙ‡ Ø¨Ø±Ø§ÛŒ Ø³ÙØ§Ø±Ø´Ø§Øª Ø¨Ø²Ø±Ú¯)\n\nØ¢ÛŒØ§ Ù…ÛŒâ€ŒØªÙˆØ§Ù†ÛŒØ¯ ÙØ±Ø¢ÛŒÙ†Ø¯ Ø®Ø±ÛŒØ¯ Ùˆ Ù‡Ø±Ú¯ÙˆÙ†Ù‡ Ù…Ù†Ø§Ù‚ØµÙ‡ Ø¢ÛŒÙ†Ø¯Ù‡ Ø®ÙˆØ¯ Ø±Ø§ Ø¨Ù‡ Ø§Ø´ØªØ±Ø§Ú© Ø¨Ú¯Ø°Ø§Ø±ÛŒØ¯ØŸ Ù…Ø§ Ø®ÙˆØ´Ø­Ø§Ù„ Ø®ÙˆØ§Ù‡ÛŒÙ… Ø´Ø¯ Ú©Ù‡ Ø¯Ø± ØµÙˆØ±Øª Ø¯Ø±Ø®ÙˆØ§Ø³Øª Ù†Ù…ÙˆÙ†Ù‡ Ø§Ø±Ø§Ø¦Ù‡ Ø¯Ù‡ÛŒÙ….\n\nØ¨Ø§ Ø§Ø­ØªØ±Ø§Ù…",SUPPLIER
189,"ØªÛŒÙ… SUPPORT Ù…Ø´ØªØ±ÛŒ Ø¹Ø²ÛŒØ², Ù…Ù† Ø¯Ø± Ù…ÙˆØ±Ø¯ Ù…Ø´Ú©Ù„ÛŒ Ú©Ù‡ Ø¯Ø± Ø³ÙØ§Ø±Ø´ Ø§Ø®ÛŒØ±Ù… Ø¨Ø§ Ø¢Ù† Ù…ÙˆØ§Ø¬Ù‡ Ø´Ø¯Ù… Ø¨Ø§ Ø´Ù…Ø§ ØªÙ…Ø§Ø³ Ù…ÛŒâ€ŒÚ¯ÛŒØ±Ù…. Ù…Ø­Ù…ÙˆÙ„Ù‡ Ø¯ÛŒØ±ØªØ± Ø§Ø² Ø²Ù…Ø§Ù† Ù…ÙˆØ±Ø¯ Ø§Ù†ØªØ¸Ø§Ø± Ø¨Ù‡ Ø¯Ø³ØªÙ… Ø±Ø³ÛŒØ¯ Ùˆ Ø¨Ø±Ø®ÛŒ Ø§Ø² Ø§Ù‚Ù„Ø§Ù… Ø¯Ø± Ø¨Ø³ØªÙ‡â€ŒØ¨Ù†Ø¯ÛŒ ÙˆØ¬ÙˆØ¯ Ù†Ø¯Ø§Ø´ØªÙ†Ø¯. Ø¢ÛŒØ§ Ù…ÛŒâ€ŒØªÙˆØ§Ù†ÛŒØ¯ Ù„Ø·ÙØ§Ù‹ Ø¯Ø± Ø­Ù„ Ø§ÛŒÙ† Ù…Ø´Ú©Ù„ Ø¨Ù‡ Ù…Ù† Ú©Ù…Ú© Ú©Ù†ÛŒØ¯ØŸ Ø§Ø² Ù¾Ø§Ø³Ø® Ø³Ø±ÛŒØ¹ Ø´Ù…Ø§ Ø³Ù¾Ø§Ø³Ú¯Ø²Ø§Ø±Ù… ØªØ§ Ø¨ØªÙˆØ§Ù†Ù… Ø¨Ø±Ù†Ø§Ù…Ù‡â€ŒØ±ÛŒØ²ÛŒ Ù…Ù†Ø§Ø³Ø¨ÛŒ Ø¯Ø§Ø´ØªÙ‡ Ø¨Ø§Ø´Ù…. Ø§Ø² ØªÙˆØ¬Ù‡ Ø´Ù…Ø§ Ø¨Ù‡ Ø§ÛŒÙ† Ù…ÙˆØ¶ÙˆØ¹ Ù…ØªØ´Ú©Ø±Ù….",SUPPORT
190," Ù…Ù† Ø¯Ø± Ù…ÙˆØ±Ø¯ ØµÙˆØ±ØªØ­Ø³Ø§Ø¨ Ø¢Ø®Ø±ÛŒÙ† ÙØ§Ú©ØªÙˆØ±Ù… Ø³ÙˆØ§Ù„ÛŒ Ø¯Ø§Ø±Ù…. Ù…ØªÙˆØ¬Ù‡ Ø¨Ø±Ø®ÛŒ Ù‡Ø²ÛŒÙ†Ù‡â€ŒÙ‡Ø§ÛŒÛŒ Ø´Ø¯Ù‡â€ŒØ§Ù… Ú©Ù‡ Ø¨Ø±Ø§ÛŒÙ… Ù†Ø§Ø¢Ø´Ù†Ø§ Ù‡Ø³ØªÙ†Ø¯ Ùˆ Ù…ÛŒâ€ŒØ®ÙˆØ§Ù‡Ù… Ø¯Ø± Ù…ÙˆØ±Ø¯ Ø¢Ù†Ù‡Ø§ ØªÙˆØ¶ÛŒØ­ Ø¨ÛŒØ´ØªØ±ÛŒ Ø¯Ø±ÛŒØ§ÙØª Ú©Ù†Ù…. Ù„Ø·ÙØ§Ù‹ Ø¬Ø²Ø¦ÛŒØ§Øª Ù…Ø±Ø¨ÙˆØ· Ø¨Ù‡ ØµÙˆØ±ØªØ­Ø³Ø§Ø¨ Ùˆ Ù‡Ø±Ú¯ÙˆÙ†Ù‡ Ø§Ù‚Ø¯Ø§Ù…ÛŒ Ú©Ù‡ Ø¨Ø§ÛŒØ¯ Ø§Ù†Ø¬Ø§Ù… Ø¯Ù‡Ù… Ø±Ø§ Ø§Ø±Ø§Ø¦Ù‡ Ø¯Ù‡ÛŒØ¯. Ù…Ø´ØªØ§Ù‚Ø§Ù†Ù‡ Ù…Ù†ØªØ¸Ø± Ù¾Ø§Ø³Ø® Ø³Ø±ÛŒØ¹ Ø´Ù…Ø§ Ù‡Ø³ØªÙ….""",INQUIRY
191," Ù…Ù† ÛŒÚ©SUPPLIER Ù‡Ø³ØªÙ… Ú©Ù‡ Ø¹Ù„Ø§Ù‚Ù‡â€ŒÙ…Ù†Ø¯ Ø¨Ù‡ Ø§Ø±Ø§Ø¦Ù‡ Ù…Ø­ØµÙˆÙ„Ø§Øª Ø¨Ù‡ Ø´Ø±Ú©Øª Ø´Ù…Ø§ Ù‡Ø³ØªÙ…. Ù…Ù† Ú©Ø§ØªØ§Ù„ÙˆÚ¯ÛŒ Ø§Ø² Ø§Ù‚Ù„Ø§Ù… Ø´Ø§Ù…Ù„ Ù„ÙˆØ§Ø²Ù… Ø§Ù„Ú©ØªØ±ÙˆÙ†ÛŒÚ©ÛŒ Ùˆ Ù„ÙˆØ§Ø²Ù… Ø¬Ø§Ù†Ø¨ÛŒ Ø¯Ø§Ø±Ù… Ú©Ù‡ Ù…ÛŒâ€ŒØªÙˆØ§Ù†Ø¯ Ø¨Ø±Ø§ÛŒ Ú†Ø±Ø®Ù‡ ØªØ¯Ø§Ø±Ú©Ø§Øª Ø¨Ø¹Ø¯ÛŒ Ø´Ù…Ø§ Ù…Ø±ØªØ¨Ø· Ø¨Ø§Ø´Ø¯. Ù„Ø·ÙØ§Ù‹ Ø±ÙˆÙ†Ø¯ Ø§Ø±Ø§Ø¦Ù‡ Ù¾ÛŒØ´Ù†Ù‡Ø§Ø¯ ÛŒØ§ ØªÙ†Ø¸ÛŒÙ… Ø¬Ù„Ø³Ù‡ Ø¨Ø±Ø§ÛŒ Ø¨Ø­Ø« Ø¯Ø± Ù…ÙˆØ±Ø¯ ÙØ±ØµØªâ€ŒÙ‡Ø§ÛŒ Ø¨Ø§Ù„Ù‚ÙˆÙ‡ Ù‡Ù…Ú©Ø§Ø±ÛŒ Ø±Ø§ Ø¨Ù‡ Ù…Ù† Ø§Ø·Ù„Ø§Ø¹ Ø¯Ù‡ÛŒØ¯."" ""SUPPLIER""",
192,"ØªØ¨Ø±ÛŒÚ© Ù…ÛŒâ€ŒÚ¯ÙˆÛŒÛŒÙ…! Ø´Ù…Ø§ Ø¨Ù‡ Ø¹Ù†ÙˆØ§Ù† Ø¨Ø±Ù†Ø¯Ù‡ Ø¬Ø§ÛŒØ²Ù‡ Ø§Ù†Ø­ØµØ§Ø±ÛŒ Ù…Ø§ Ø§Ù†ØªØ®Ø§Ø¨ Ø´Ø¯Ù‡â€ŒØ§ÛŒØ¯. Ø¨Ø±Ø§ÛŒ Ø¯Ø±ÛŒØ§ÙØª Ø¬Ø§ÛŒØ²Ù‡ Ø®ÙˆØ¯, Ù„Ø·ÙØ§Ù‹ Ø±ÙˆÛŒ Ø§ÛŒÙ† Ù„ÛŒÙ†Ú© Ú©Ù„ÛŒÚ© Ú©Ù†ÛŒØ¯ Ùˆ Ø§Ø·Ù„Ø§Ø¹Ø§Øª Ø´Ø®ØµÛŒ Ø®ÙˆØ¯ Ø±Ø§ Ø§Ø±Ø§Ø¦Ù‡ Ø¯Ù‡ÛŒØ¯. Ø¹Ø¬Ù„Ù‡ Ú©Ù†ÛŒØ¯, Ø§ÛŒÙ† Ù¾ÛŒØ´Ù†Ù‡Ø§Ø¯ ÙÙ‚Ø· Ø¨Ø±Ø§ÛŒ Ù…Ø¯Øª Ù…Ø­Ø¯ÙˆØ¯ÛŒ Ù…Ø¹ØªØ¨Ø± Ø§Ø³Øª. Ø§ÛŒÙ† ÙØ±ØµØª ÙÙˆÙ‚â€ŒØ§Ù„Ø¹Ø§Ø¯Ù‡ Ø±Ø§ Ø§Ø² Ø¯Ø³Øª Ù†Ø¯Ù‡ÛŒØ¯!",SPAM
193,"Ø³Ù„Ø§Ù…, Ù…Ù† Ø¹Ù„Ø§Ù‚Ù‡â€ŒÙ…Ù†Ø¯ Ø¨Ù‡ Ú©Ø³Ø¨ Ø§Ø·Ù„Ø§Ø¹Ø§Øª Ø¨ÛŒØ´ØªØ± Ø¯Ø± Ù…ÙˆØ±Ø¯ Ø®Ø¯Ù…Ø§ØªÛŒ Ù‡Ø³ØªÙ… Ú©Ù‡ Ø´Ø±Ú©Øª Ø´Ù…Ø§ Ø¨Ø±Ø§ÛŒ Ø±ÙˆÛŒØ¯Ø§Ø¯Ù‡Ø§ÛŒ Ø´Ø±Ú©ØªÛŒ Ø§Ø±Ø§Ø¦Ù‡ Ù…ÛŒâ€ŒØ¯Ù‡Ø¯. Ø¢ÛŒØ§ Ø´Ù…Ø§ Ø®Ø¯Ù…Ø§Øª Ù¾Ø°ÛŒØ±Ø§ÛŒÛŒ, Ø³Ø±Ú¯Ø±Ù…ÛŒ ÛŒØ§ ØªØ±ØªÛŒØ¨ Ø¯Ø§Ø¯Ù† Ù…Ø­Ù„ Ø¨Ø±Ú¯Ø²Ø§Ø±ÛŒ Ø±Ø§ Ø§Ø±Ø§Ø¦Ù‡ Ù…ÛŒâ€ŒØ¯Ù‡ÛŒØ¯ØŸ Ø§Ø² Ø¯Ø±ÛŒØ§ÙØª Ø¨Ø±ÙˆØ´ÙˆØ± Ø§Ø·Ù„Ø§Ø¹Ø§ØªÛŒ ÛŒØ§ Ø´Ù…Ø§Ø±Ù‡ ØªÙ…Ø§Ø³ Ø¨Ø±Ø§ÛŒ Ø¨Ø­Ø« Ø¯Ø± Ù…ÙˆØ±Ø¯ Ø¬Ø²Ø¦ÛŒØ§Øª Ø¨ÛŒØ´ØªØ± Ø³Ù¾Ø§Ø³Ú¯Ø²Ø§Ø±Ù…. Ù¾ÛŒØ´Ø§Ù¾ÛŒØ´ Ø§Ø² Ú©Ù…Ú© Ø´Ù…Ø§ Ù…ØªØ´Ú©Ø±Ù….",INQUIRY
194,"ÙÙˆØ±ÛŒ: Ø­Ø³Ø§Ø¨ Ø¨Ø§Ù†Ú©ÛŒ Ø´Ù…Ø§ Ù…ÙˆØ±Ø¯ Ù†ÙÙˆØ° Ù‚Ø±Ø§Ø± Ú¯Ø±ÙØªÙ‡ Ø§Ø³Øª. Ù…Ø§ ÙØ¹Ø§Ù„ÛŒØª ØºÛŒØ±Ù…Ø¬Ø§Ø² Ø±Ø§ Ø´Ù†Ø§Ø³Ø§ÛŒÛŒ Ú©Ø±Ø¯Ù‡â€ŒØ§ÛŒÙ… Ùˆ Ø§Ø² Ø´Ù…Ø§ Ù…ÛŒâ€ŒØ®ÙˆØ§Ù‡ÛŒÙ… ÙÙˆØ±Ø§Ù‹ Ø§Ø·Ù„Ø§Ø¹Ø§Øª Ø­Ø³Ø§Ø¨ Ø®ÙˆØ¯ Ø±Ø§ ØªØ£ÛŒÛŒØ¯ Ú©Ù†ÛŒØ¯. Ø¨Ø±Ø§ÛŒ Ø§ÛŒÙ…Ù†â€ŒØ³Ø§Ø²ÛŒ Ø­Ø³Ø§Ø¨ Ø®ÙˆØ¯ Ùˆ Ø¬Ù„ÙˆÚ¯ÛŒØ±ÛŒ Ø§Ø² Ù‡Ø±Ú¯ÙˆÙ†Ù‡ Ø¯Ø³ØªØ±Ø³ÛŒ ØºÛŒØ±Ù…Ø¬Ø§Ø² Ø¨ÛŒØ´ØªØ±, Ø±ÙˆÛŒ Ù„ÛŒÙ†Ú© Ø²ÛŒØ± Ú©Ù„ÛŒÚ© Ú©Ù†ÛŒØ¯. Ø¹Ø¯Ù… Ø§Ù‚Ø¯Ø§Ù… ÙÙˆØ±ÛŒ Ù…Ù…Ú©Ù† Ø§Ø³Øª Ù…Ù†Ø¬Ø± Ø¨Ù‡ ØªØ¹Ù„ÛŒÙ‚ Ø­Ø³Ø§Ø¨ Ø´ÙˆØ¯.",SPAM
195,"Ø³Ù„Ø§Ù…, Ù…Ù† Ø¨Ø±Ø§ÛŒ Ù¾ÛŒÚ©Ø±Ø¨Ù†Ø¯ÛŒ Ù†Ø±Ù…â€ŒØ§ÙØ²Ø§Ø±ÛŒ Ú©Ù‡ Ø§Ø±Ø§Ø¦Ù‡ Ø¯Ø§Ø¯ÛŒØ¯ Ø¨Ù‡ SUPPORT Ù†ÛŒØ§Ø² Ø¯Ø§Ø±Ù…. ÙˆÙ‚ØªÛŒ Ø³Ø¹ÛŒ Ù…ÛŒâ€ŒÚ©Ù†Ù… Ú©Ø§Ø±Ù… Ø±Ø§ Ø°Ø®ÛŒØ±Ù‡ Ú©Ù†Ù…, Ù…Ø¯Ø§Ù… Ø§Ø² Ú©Ø§Ø± Ù…ÛŒâ€ŒØ§ÙØªØ¯, Ú©Ù‡ Ú©Ø§Ù…Ù„Ø§Ù‹ Ù…Ø®ØªÙ„â€ŒÚ©Ù†Ù†Ø¯Ù‡ Ø§Ø³Øª. Ø¢ÛŒØ§ Ù…ÛŒâ€ŒØªÙˆØ§Ù†ÛŒØ¯ Ø¯Ø³ØªÙˆØ±Ø§Ù„Ø¹Ù…Ù„â€ŒÙ‡Ø§ÛŒ Ø¯Ù‚ÛŒÙ‚ÛŒ Ø¨Ø±Ø§ÛŒ Ù…Ù† Ø§Ø±Ø³Ø§Ù„ Ú©Ù†ÛŒØ¯ ÛŒØ§ Ø§Ø² SUPPORT ÙÙ†ÛŒ Ø¨Ø®ÙˆØ§Ù‡ÛŒØ¯ ØªØ§ Ø¯Ø± Ø­Ù„ Ø§ÛŒÙ† Ù…Ø´Ú©Ù„ Ø¨Ù‡ Ù…Ù† Ú©Ù…Ú© Ú©Ù†Ø¯ØŸ Ù…ØªØ´Ú©Ø±Ù….",SUPPORT
196,"Ø¨Ø§ Ø³Ù„Ø§Ù…, Ù…Ù† ÛŒÚ© ÙØ±ÙˆØ´Ù†Ø¯Ù‡ Ù‡Ø³ØªÙ… Ú©Ù‡ Ø¹Ù„Ø§Ù‚Ù‡â€ŒÙ…Ù†Ø¯ Ø¨Ù‡ ØªØ£Ù…ÛŒÙ† Ù…ÙˆØ§Ø¯ Ø§ÙˆÙ„ÛŒÙ‡ Ø¨Ø±Ø§ÛŒ ÙØ±Ø¢ÛŒÙ†Ø¯Ù‡Ø§ÛŒ ØªÙˆÙ„ÛŒØ¯ÛŒ Ø´Ù…Ø§ Ù‡Ø³ØªÙ…. Ø´Ø±Ú©Øª Ù…Ø§ ÙÙˆÙ„Ø§Ø¯ Ùˆ Ø¢Ù„ÙˆÙ…ÛŒÙ†ÛŒÙˆÙ… Ø¨Ø§ Ú©ÛŒÙÛŒØª Ø¨Ø§Ù„Ø§ Ø±Ø§ Ø¨Ø§ Ù‚ÛŒÙ…Øªâ€ŒÙ‡Ø§ÛŒ Ø±Ù‚Ø§Ø¨ØªÛŒ Ø§Ø±Ø§Ø¦Ù‡ Ù…ÛŒâ€ŒØ¯Ù‡Ø¯. Ù„Ø·ÙØ§Ù‹ Ø¯Ø± Ù…ÙˆØ±Ø¯ Ø±ÙˆÛŒÙ‡â€ŒÙ‡Ø§ÛŒ ØªÙ‡ÛŒÙ‡ Ùˆ Ø§ÛŒÙ†Ú©Ù‡ Ø¢ÛŒØ§ Ù…ÛŒâ€ŒØªÙˆØ§Ù† Ù†Ù…ÙˆÙ†Ù‡â€ŒÙ‡Ø§ Ø±Ø§ Ø¨Ø±Ø§ÛŒ Ø¨Ø±Ø±Ø³ÛŒ Ø§Ø±Ø³Ø§Ù„ Ú©Ø±Ø¯, Ø±Ø§Ù‡Ù†Ù…Ø§ÛŒÛŒ Ú©Ù†ÛŒØ¯.",SUPPLIER
197,"Ø³Ù„Ø§Ù…, Ù…ÛŒâ€ŒØ®ÙˆØ§Ø³ØªÙ… Ø¯Ø± Ù…ÙˆØ±Ø¯ ÙˆØ¶Ø¹ÛŒØª ØªÛŒÚ©Øª SUPPORT Ø§Ø®ÛŒØ±Ù… Ø³ÙˆØ§Ù„ Ø¨Ù¾Ø±Ø³Ù…. Ù‡ÙØªÙ‡ Ú¯Ø°Ø´ØªÙ‡ Ø¯Ø±Ø®ÙˆØ§Ø³ØªÛŒ Ø§Ø±Ø³Ø§Ù„ Ú©Ø±Ø¯Ù…, Ø§Ù…Ø§ Ù‡ÛŒÚ† Ø¨Ù‡â€ŒØ±ÙˆØ²Ø±Ø³Ø§Ù†ÛŒ Ø¯Ø±ÛŒØ§ÙØª Ù†Ú©Ø±Ø¯Ù‡â€ŒØ§Ù…. Ù„Ø·ÙØ§Ù‹ Ø¨Ø±Ø±Ø³ÛŒ Ú©Ù†ÛŒØ¯ Ùˆ Ø¨Ù‡ Ù…Ù† Ø§Ø·Ù„Ø§Ø¹ Ø¯Ù‡ÛŒØ¯ Ú©Ù‡ Ú†Ù‡ Ø²Ù…Ø§Ù†ÛŒ Ù…ÛŒâ€ŒØªÙˆØ§Ù†Ù… Ø§Ù†ØªØ¸Ø§Ø± Ù¾Ø§Ø³Ø® Ø¯Ø§Ø´ØªÙ‡ Ø¨Ø§Ø´Ù…ØŸ Ø§Ø² Ú©Ù…Ú©ØªØ§Ù† Ù…ØªØ´Ú©Ø±Ù….",INQUIRY
198,"ØªØ¨Ø±ÛŒÚ© Ù…ÛŒâ€ŒÚ¯ÙˆÛŒÙ…! Ø´Ù…Ø§ Ø¨Ø±Ù†Ø¯Ù‡ ÛŒÚ© Ø¨Ø³ØªÙ‡ ØªØ¹Ø·ÛŒÙ„Ø§Øª Ø±Ø§ÛŒÚ¯Ø§Ù† Ø¨Ù‡ Ø¨Ø§Ù‡Ø§Ù…Ø§ Ø´Ø¯Ù‡â€ŒØ§ÛŒØ¯. Ø¨Ø±Ø§ÛŒ Ø¯Ø±ÛŒØ§ÙØª Ø¬Ø§ÛŒØ²Ù‡, Ù„Ø·ÙØ§Ù‹ Ø§Ø·Ù„Ø§Ø¹Ø§Øª Ø´Ø®ØµÛŒ Ø®ÙˆØ¯ Ø±Ø§ Ø§Ø±Ø³Ø§Ù„ Ú©Ù†ÛŒØ¯. Ø¨Ù‡ ÛŒØ§Ø¯ Ø¯Ø§Ø´ØªÙ‡ Ø¨Ø§Ø´ÛŒØ¯, Ø§ÛŒÙ† ÛŒÚ© Ù¾ÛŒØ´Ù†Ù‡Ø§Ø¯ Ø¨Ø§ Ù…Ø¯Øª Ø²Ù…Ø§Ù† Ù…Ø­Ø¯ÙˆØ¯ Ø§Ø³Øª. Ù‡Ù…ÛŒÙ† Ø­Ø§Ù„Ø§ Ø§Ù‚Ø¯Ø§Ù… Ú©Ù†ÛŒØ¯ Ùˆ Ø§Ø² ÛŒÚ© Ø³ÙØ± Ù„ÙˆÚ©Ø³ Ø¨Ø§ Ù…Ø§ Ù„Ø°Øª Ø¨Ø¨Ø±ÛŒØ¯!",SPAM
199,"ØªÛŒÙ… SUPPORT Ø¹Ø²ÛŒØ², Ù…Ù† Ø¯Ø± ÙˆØ±ÙˆØ¯ Ø¨Ù‡ Ø­Ø³Ø§Ø¨ Ú©Ø§Ø±Ø¨Ø±ÛŒâ€ŒØ§Ù… Ø¨Ø§ Ù…Ø´Ú©Ù„ Ù…ÙˆØ§Ø¬Ù‡ Ù‡Ø³ØªÙ…. Ù‡Ø± Ø¨Ø§Ø± Ú©Ù‡ Ø³Ø¹ÛŒ Ù…ÛŒâ€ŒÚ©Ù†Ù… Ø¨Ù‡ Ù¾ÙˆØ±ØªØ§Ù„ Ø¯Ø³ØªØ±Ø³ÛŒ Ù¾ÛŒØ¯Ø§ Ú©Ù†Ù…, ÛŒÚ© Ù¾ÛŒØ§Ù… Ø®Ø·Ø§ Ø¯Ø±ÛŒØ§ÙØª Ù…ÛŒâ€ŒÚ©Ù†Ù…. Ø­Ø§ÙØ¸Ù‡ Ù¾Ù†Ù‡Ø§Ù† Ù…Ø±ÙˆØ±Ú¯Ø±Ù… Ø±Ø§ Ù¾Ø§Ú© Ú©Ø±Ø¯Ù‡â€ŒØ§Ù… Ùˆ Ø¯Ø³ØªÚ¯Ø§Ù‡â€ŒÙ‡Ø§ÛŒ Ù…Ø®ØªÙ„Ù Ø±Ø§ Ø§Ù…ØªØ­Ø§Ù† Ú©Ø±Ø¯Ù‡â€ŒØ§Ù…, Ø§Ù…Ø§ Ù…Ø´Ú©Ù„ Ù‡Ù…Ú†Ù†Ø§Ù† Ø§Ø¯Ø§Ù…Ù‡ Ø¯Ø§Ø±Ø¯. Ù„Ø·ÙØ§Ù‹ Ø¯Ø± Ø§Ø³Ø±Ø¹ ÙˆÙ‚Øª Ø¨Ù‡ Ù…Ù† Ú©Ù…Ú© Ú©Ù†ÛŒØ¯ ØªØ§ Ø¯ÙˆØ¨Ø§Ø±Ù‡ Ø¯Ø³ØªØ±Ø³ÛŒ Ù¾ÛŒØ¯Ø§ Ú©Ù†Ù….",SUPPORT
200,"Ø³Ù„Ø§Ù…, Ù…ÛŒâ€ŒØ®ÙˆØ§Ø³ØªÙ… Ø¯Ø± Ù…ÙˆØ±Ø¯ ØªØ®ÙÛŒÙâ€ŒÙ‡Ø§ÛŒ Ø¹Ù…Ø¯Ù‡â€ŒØ§ÛŒ Ú©Ù‡ Ø¨Ø±Ø§ÛŒ Ù…Ø­ØµÙˆÙ„Ø§Øª Ø´Ù…Ø§ ÙˆØ¬ÙˆØ¯ Ø¯Ø§Ø±Ø¯, Ø³ÙˆØ§Ù„ Ú©Ù†Ù…. Ù…Ù† Ù‚ØµØ¯ Ø¯Ø§Ø±Ù… ØªØ¹Ø¯Ø§Ø¯ Ø²ÛŒØ§Ø¯ÛŒ Ø¨Ø±Ø§ÛŒ ÙØ±ÙˆØ´Ú¯Ø§Ù‡â€ŒÙ‡Ø§ÛŒ Ø®Ø±Ø¯Ù‡â€ŒÙØ±ÙˆØ´ÛŒ Ø®ÙˆØ¯ Ø®Ø±ÛŒØ¯Ø§Ø±ÛŒ Ú©Ù†Ù… Ùˆ Ù…ÛŒâ€ŒØ®ÙˆØ§Ù‡Ù… Ø³Ø§Ø®ØªØ§Ø± Ù‚ÛŒÙ…Øªâ€ŒÚ¯Ø°Ø§Ø±ÛŒ, Ø²Ù…Ø§Ù† ØªØ­ÙˆÛŒÙ„ Ùˆ ÙØ±Ø¢ÛŒÙ†Ø¯ Ø³ÙØ§Ø±Ø´ Ø±Ø§ Ø¨Ø¯Ø§Ù†Ù…. Ù„Ø·ÙØ§Ù‹ Ø¬Ø²Ø¦ÛŒØ§Øª Ù…Ø±Ø¨ÙˆØ·Ù‡ Ø±Ø§ Ø¨Ø±Ø§ÛŒ Ù…Ù† Ø§Ø±Ø³Ø§Ù„ Ú©Ù†ÛŒØ¯.",INQUIRY
201,"Ø¨Ø§ Ø³Ù„Ø§Ù…, Ù…Ø§ ÛŒÚ©SUPPLIER Ø¬Ø¯ÛŒØ¯ Ù‡Ø³ØªÛŒÙ… Ú©Ù‡ Ø¹Ù„Ø§Ù‚Ù‡â€ŒÙ…Ù†Ø¯ Ø¨Ù‡ Ø§ÛŒØ¬Ø§Ø¯ Ù‡Ù…Ú©Ø§Ø±ÛŒ Ø¨Ø§ Ø´Ø±Ú©Øª Ø´Ù…Ø§ Ù‡Ø³ØªÛŒÙ…. Ø·ÛŒÙ Ù…Ø­ØµÙˆÙ„Ø§Øª Ù…Ø§ Ø´Ø§Ù…Ù„ Ù¾Ù„Ø§Ø³ØªÛŒÚ©â€ŒÙ‡Ø§ Ùˆ Ù…ÙˆØ§Ø¯ Ø¨Ø³ØªÙ‡â€ŒØ¨Ù†Ø¯ÛŒ Ø¯Ø±Ø¬Ù‡ ÛŒÚ© Ø§Ø³Øª. Ù„Ø·ÙØ§Ù‹ Ù…Ø±Ø§Ø­Ù„ Ø¨Ø¹Ø¯ÛŒ Ø¨Ø±Ø§ÛŒ Ø«Ø¨Øª Ù†Ø§Ù… Ø¨Ù‡ Ø¹Ù†ÙˆØ§Ù† ÙØ±ÙˆØ´Ù†Ø¯Ù‡ Ùˆ Ø§Ø±Ø³Ø§Ù„ Ù†Ù…ÙˆÙ†Ù‡â€ŒÙ‡Ø§ÛŒ Ù…Ø­ØµÙˆÙ„ Ø±Ø§ Ø¨Ù‡ Ù…Ø§ Ø§Ø·Ù„Ø§Ø¹ Ø¯Ù‡ÛŒØ¯.",SUPPLIER
202,"ØªØ¨Ø±ÛŒÚ©! Ø´Ù…Ø§ Ø¨Ø±Ø§ÛŒ Ø¯Ø±ÛŒØ§ÙØª Ø§Ø´ØªØ±Ø§Ú© Ø±Ø§ÛŒÚ¯Ø§Ù† Ø¯Ø± Ø³Ø±ÙˆÛŒØ³ Ù¾Ø±ÛŒÙ…ÛŒÙˆÙ… Ù…Ø§ Ø§Ù†ØªØ®Ø§Ø¨ Ø´Ø¯Ù‡â€ŒØ§ÛŒØ¯. Ø¨Ø±Ø§ÛŒ ÙØ¹Ø§Ù„ Ú©Ø±Ø¯Ù† Ø­Ø³Ø§Ø¨ Ú©Ø§Ø±Ø¨Ø±ÛŒ Ø®ÙˆØ¯, Ù„Ø·ÙØ§Ù‹ Ø¢Ø¯Ø±Ø³ Ø§ÛŒÙ…ÛŒÙ„ Ø®ÙˆØ¯ Ø±Ø§ Ø¨Ø§ Ú©Ù„ÛŒÚ© Ø±ÙˆÛŒ Ù„ÛŒÙ†Ú© Ø§Ø±Ø§Ø¦Ù‡ Ø´Ø¯Ù‡ ØªØ£ÛŒÛŒØ¯ Ú©Ù†ÛŒØ¯. Ø¹Ø¬Ù„Ù‡ Ú©Ù†ÛŒØ¯, Ø§ÛŒÙ† Ù¾ÛŒØ´Ù†Ù‡Ø§Ø¯ ØªØ§ Ø²Ù…Ø§Ù† Ø§ØªÙ…Ø§Ù… Ù…ÙˆØ¬ÙˆØ¯ÛŒ Ù…Ø¹ØªØ¨Ø± Ø§Ø³Øª!",SPAM
203,"Ø³Ù„Ø§Ù…, Ù…Ù† Ø¨Ø±Ø§ÛŒ Ø¨Ø§Ø²Ù†Ø´Ø§Ù†ÛŒ Ø±Ù…Ø² Ø¹Ø¨ÙˆØ±Ù… Ø¨Ù‡ Ú©Ù…Ú© Ù†ÛŒØ§Ø² Ø¯Ø§Ø±Ù…. Ø§Ø·Ù„Ø§Ø¹Ø§Øª ÙˆØ±ÙˆØ¯ Ø¨Ù‡ Ø³ÛŒØ³ØªÙ…Ù… Ø±Ø§ ÙØ±Ø§Ù…ÙˆØ´ Ú©Ø±Ø¯Ù‡â€ŒØ§Ù… Ùˆ Ù†Ù…ÛŒâ€ŒØªÙˆØ§Ù†Ù… Ø¨Ù‡ Ø­Ø³Ø§Ø¨Ù… Ø¯Ø³ØªØ±Ø³ÛŒ Ù¾ÛŒØ¯Ø§ Ú©Ù†Ù…. Ù„Ø·ÙØ§Ù‹ Ø¯Ø³ØªÙˆØ±Ø§Ù„Ø¹Ù…Ù„ Ù†Ø­ÙˆÙ‡ Ø¨Ø§Ø²ÛŒØ§Ø¨ÛŒ ÛŒØ§ Ø¨Ø§Ø²Ù†Ø´Ø§Ù†ÛŒ Ø±Ù…Ø² Ø¹Ø¨ÙˆØ±Ù… Ø±Ø§ Ø¨Ø±Ø§ÛŒ Ù…Ù† Ø§Ø±Ø³Ø§Ù„ Ú©Ù†ÛŒØ¯. Ø§Ø² SUPPORT Ø´Ù…Ø§ Ù…ØªØ´Ú©Ø±Ù….",SUPPORT
204,"Ø¹ØµØ± Ø¨Ø®ÛŒØ±, Ù…Ù† Ø¹Ù„Ø§Ù‚Ù‡â€ŒÙ…Ù†Ø¯ Ø¨Ù‡ Ø¨Ø±Ù†Ø§Ù…Ù‡â€ŒØ±ÛŒØ²ÛŒ ÛŒÚ© Ø¬Ù„Ø³Ù‡ Ø¢Ù…ÙˆØ²Ø´ÛŒ Ø´Ø±Ú©ØªÛŒ Ø¨Ø±Ø§ÛŒ Ú©Ø§Ø±Ú©Ù†Ø§Ù†Ù…Ø§Ù† Ù‡Ø³ØªÙ…. Ø¢ÛŒØ§ Ù…ÛŒâ€ŒØªÙˆØ§Ù†ÛŒØ¯ Ø¬Ø²Ø¦ÛŒØ§Øª Ù…Ø±Ø¨ÙˆØ· Ø¨Ù‡ Ù…Ø§Ú˜ÙˆÙ„â€ŒÙ‡Ø§ÛŒ Ø¢Ù…ÙˆØ²Ø´ÛŒ, Ù‡Ø²ÛŒÙ†Ù‡â€ŒÙ‡Ø§ Ùˆ ØªØ§Ø±ÛŒØ®â€ŒÙ‡Ø§ÛŒ Ù…ÙˆØ¬ÙˆØ¯ Ø±Ø§ Ø§Ø±Ø§Ø¦Ù‡ Ø¯Ù‡ÛŒØ¯ØŸ Ù…Ø§ Ù…Ø´ØªØ§Ù‚ÛŒÙ… ØªØ§ Ø¨Ø§ Ú©Ù…Ú© Ø´Ù…Ø§ Ù…Ù‡Ø§Ø±Øªâ€ŒÙ‡Ø§ÛŒ ØªÛŒÙ… Ø®ÙˆØ¯ Ø±Ø§ Ø§ÙØ²Ø§ÛŒØ´ Ø¯Ù‡ÛŒÙ….",INQUIRY
205,"Ø³Ù„Ø§Ù…, Ù…Ù† ÛŒÚ©SUPPLIER Ù‡Ø³ØªÙ… Ú©Ù‡ Ø¹Ù„Ø§Ù‚Ù‡â€ŒÙ…Ù†Ø¯ Ø¨Ù‡ Ø´Ø±Ú©Øª Ø¯Ø± Ù…Ù†Ø§Ù‚ØµÙ‡ Ø¨Ø±Ø§ÛŒ Ù¾Ø±ÙˆÚ˜Ù‡ Ø¢ÛŒÙ†Ø¯Ù‡ Ø´Ù…Ø§ Ù‡Ø³ØªÙ…. Ù„Ø·ÙØ§Ù‹ Ù…ÛŒâ€ŒØªÙˆØ§Ù†ÛŒØ¯ Ø§Ø³Ù†Ø§Ø¯ Ù…Ù†Ø§Ù‚ØµÙ‡, Ù…Ù‡Ù„Øª Ø§Ø±Ø³Ø§Ù„ Ùˆ Ù…Ø¹ÛŒØ§Ø±Ù‡Ø§ÛŒ Ø§Ø±Ø²ÛŒØ§Ø¨ÛŒ Ù¾ÛŒØ´Ù†Ù‡Ø§Ø¯Ø§Øª Ø±Ø§ Ø¨Ù‡ Ø§Ø´ØªØ±Ø§Ú© Ø¨Ú¯Ø°Ø§Ø±ÛŒØ¯ØŸ Ù…Ø´ØªØ§Ù‚Ø§Ù†Ù‡ Ù…Ù†ØªØ¸Ø± Ù¾Ø§Ø³Ø® Ø´Ù…Ø§ Ù‡Ø³ØªÙ….",SUPPLIER
206,Ø´Ù…Ø§ ÛŒÚ© Ø¨Ø±Ù†Ø¯Ù‡ Ø®ÙˆØ´ Ø´Ø§Ù†Ø³ Ù‡Ø³ØªÛŒØ¯! Ù‡Ù…ÛŒÙ† Ø­Ø§Ù„Ø§ Ø¨Ø§ Ú©Ù„ÛŒÚ© Ø±ÙˆÛŒ Ø§ÛŒÙ† Ù„ÛŒÙ†Ú© Ø¬Ø§ÛŒØ²Ù‡ Ù†Ù‚Ø¯ÛŒ Ø®ÙˆØ¯ Ø±Ø§ Ø¯Ø±ÛŒØ§ÙØª Ú©Ù†ÛŒØ¯. Ù†ÛŒØ§Ø²ÛŒ Ø¨Ù‡ Ø®Ø±ÛŒØ¯ Ù†ÛŒØ³Øª. Ø§ÛŒÙ† ÛŒÚ© ÙØ±ØµØª Ø´Ú¯ÙØª Ø§Ù†Ú¯ÛŒØ² Ø¨Ø±Ø§ÛŒ Ú©Ø³Ø¨ Ø¯Ø±Ø¢Ù…Ø¯ Ø³Ø±ÛŒØ¹ Ø§Ø³Øª. ÙÙˆØ±Ø§Ù‹ Ù¾Ø§Ø³Ø® Ø¯Ù‡ÛŒØ¯ ØªØ§ Ø¨Ø±Ø¯ Ø®ÙˆØ¯ Ø±Ø§ ØªØ¶Ù…ÛŒÙ† Ú©Ù†ÛŒØ¯.,SPAM
207,"Ø®Ø¯Ù…Ø§Øª Ù…Ø´ØªØ±ÛŒØ§Ù† Ú¯Ø±Ø§Ù…ÛŒ, Ù…Ù† Ø¯Ø± ØªÙ„Ø§Ø´ Ù‡Ø³ØªÙ… ØªØ§ Ø§Ø·Ù„Ø§Ø¹Ø§Øª ØµÙˆØ±ØªØ­Ø³Ø§Ø¨ Ø®ÙˆØ¯ Ø±Ø§ Ø¯Ø± ÙˆØ¨â€ŒØ³Ø§ÛŒØª Ø´Ù…Ø§ Ø¨Ù‡â€ŒØ±ÙˆØ²Ø±Ø³Ø§Ù†ÛŒ Ú©Ù†Ù…, Ø§Ù…Ø§ Ù…Ø±ØªØ¨Ø§Ù‹ Ù¾ÛŒØ§Ù…â€ŒÙ‡Ø§ÛŒ Ø®Ø·Ø§ Ø¯Ø±ÛŒØ§ÙØª Ù…ÛŒâ€ŒÚ©Ù†Ù…. Ù„Ø·ÙØ§Ù‹ Ø¯Ø± ØªÚ©Ù…ÛŒÙ„ Ø§ÛŒÙ† ÙØ±Ø¢ÛŒÙ†Ø¯ Ø¨Ù‡ Ù…Ù† Ú©Ù…Ú© Ú©Ù†ÛŒØ¯ ÛŒØ§ Ø§Ø·Ù„Ø§Ø¹Ø§Øª Ù…Ù† Ø±Ø§ Ø¨Ù‡ ØµÙˆØ±Øª Ø¯Ø³ØªÛŒ Ø¨Ù‡â€ŒØ±ÙˆØ²Ø±Ø³Ø§Ù†ÛŒ Ú©Ù†ÛŒØ¯. Ø§Ø² Ù‚Ø¨Ù„ Ø§Ø² Ø´Ù…Ø§ Ù…ØªØ´Ú©Ø±Ù….",SUPPORT
208,"Ø³Ù„Ø§Ù…, Ù…ÛŒâ€ŒØ®ÙˆØ§Ù‡Ù… Ø¯Ø± Ù…ÙˆØ±Ø¯ ÙˆØ¶Ø¹ÛŒØª Ø³ÙØ§Ø±Ø´ Ø§Ø®ÛŒØ±Ù… Ø³ÙˆØ§Ù„ Ú©Ù†Ù…. Ù‚Ø±Ø§Ø± Ø¨ÙˆØ¯ Ù‡ÙØªÙ‡ Ú¯Ø°Ø´ØªÙ‡ Ø¨Ø±Ø³Ø¯, Ø§Ù…Ø§ Ù‡Ù†ÙˆØ² Ø¢Ù† Ø±Ø§ Ø¯Ø±ÛŒØ§ÙØª Ù†Ú©Ø±Ø¯Ù‡â€ŒØ§Ù…. Ù„Ø·ÙØ§Ù‹ Ø¯Ø± Ù…ÙˆØ±Ø¯ ØªØ­ÙˆÛŒÙ„ Ùˆ Ù‡Ø±Ú¯ÙˆÙ†Ù‡ Ø§Ø·Ù„Ø§Ø¹Ø§Øª Ø±Ø¯ÛŒØ§Ø¨ÛŒ Ù…ÙˆØ¬ÙˆØ¯, Ø¨Ù‡â€ŒØ±ÙˆØ²Ø±Ø³Ø§Ù†ÛŒ Ø§Ø±Ø§Ø¦Ù‡ Ø¯Ù‡ÛŒØ¯.",INQUIRY
209,"Ø³Ù„Ø§Ù…! Ù…Ù† Ø³Ø¹ÛŒ Ú©Ø±Ø¯Ù… ÙˆØ§Ø±Ø¯ Ø­Ø³Ø§Ø¨ Ú©Ø§Ø±Ø¨Ø±ÛŒâ€ŒØ§Ù… Ø´ÙˆÙ… Ùˆ Ù…Ø¯Ø§Ù… Ú¯ÛŒØ± Ù…ÛŒâ€ŒÚ©Ø±Ø¯Ù…. Ø­Ø§ÙØ¸Ù‡ Ù¾Ù†Ù‡Ø§Ù† Ùˆ Ù…Ø±ÙˆØ±Ú¯Ø±Ù‡Ø§ÛŒ Ù…Ø®ØªÙ„Ù Ø±Ø§ Ù¾Ø§Ú© Ú©Ø±Ø¯Ù…, Ø§Ù…Ø§ Ù…ÙˆÙÙ‚ Ù†Ø´Ø¯Ù…. Ù…ÛŒâ€ŒØªÙˆØ§Ù†ÛŒØ¯ Ø¨Ù‡ Ù…Ù† Ú©Ù…Ú© Ú©Ù†ÛŒØ¯ Ø¯ÙˆØ¨Ø§Ø±Ù‡ ÙˆØ§Ø±Ø¯ Ø´ÙˆÙ…ØŸ Ù…Ù…Ù†ÙˆÙ† Ù…ÛŒâ€ŒØ´ÙˆÙ… Ø§Ú¯Ø± Ø³Ø±ÛŒØ¹ Ù…Ø´Ú©Ù„ Ø±Ø§ Ø­Ù„ Ú©Ù†ÛŒØ¯. Ù…ØªØ´Ú©Ø±Ù…!",SUPPORT
210,"Ø³Ù„Ø§Ù…! Ù…Ù† Ú©Ù„ÛŒ Ù…Ø­ØµÙˆÙ„ Ø¯Ø§Ø±Ù… Ú©Ù‡ Ø¯ÙˆØ³Øª Ø¯Ø§Ø±Ù… Ø¨Ù‡ ØµÙˆØ±Øª Ø¹Ù…Ø¯Ù‡ Ø¨Ø®Ø±Ù… - Ù…Ø«Ù„Ø§Ù‹ Ø®ÛŒÙ„ÛŒ Ø§Ø² Ø§Ø¬Ù†Ø§Ø³ Ø´Ù…Ø§. Ù…ÛŒØ´Ù‡ Ø¯Ø± Ù…ÙˆØ±Ø¯ ØªØ®ÙÛŒÙâ€ŒÙ‡Ø§, Ø²Ù…Ø§Ù† ØªØ­ÙˆÛŒÙ„ Ùˆ Ù†Ø­ÙˆÙ‡ Ø«Ø¨Øª Ø³ÙØ§Ø±Ø´â€ŒÙ‡Ø§ÛŒ Ø¨Ø²Ø±Ú¯ Ø¨Ù‡Ù… Ø¨Ú¯ÛŒØ¯ØŸ Ø§Ú¯Ù‡ Ø¬Ø²Ø¦ÛŒØ§Øª Ø±Ùˆ Ø¨Ø±Ø§Ù… Ø¨ÙØ±Ø³ØªÛŒØ¯ Ø¹Ø§Ù„ÛŒ Ù…ÛŒØ´Ù‡.",INQUIRY
211,Ù‡ÛŒ! Ù…Ø§ ÛŒÚ©SUPPLIER Ø¬Ø¯ÛŒØ¯ Ù‡Ø³ØªÛŒÙ… Ú©Ù‡ Ø¨Ù‡ Ø¯Ù†Ø¨Ø§Ù„ Ù‡Ù…Ú©Ø§Ø±ÛŒ Ø¨Ø§ Ø´Ù…Ø§ Ù‡Ø³ØªÛŒÙ…. Ù…Ø§ Ù¾Ù„Ø§Ø³ØªÛŒÚ© Ùˆ Ù…ÙˆØ§Ø¯ Ø¨Ø³ØªÙ‡â€ŒØ¨Ù†Ø¯ÛŒ Ø¯Ø§Ø±ÛŒÙ… Ú©Ù‡ Ù…Ù…Ú©Ù† Ø§Ø³Øª Ø¨Ø±Ø§ÛŒ Ù†ÛŒØ§Ø²Ù‡Ø§ÛŒ Ø´Ù…Ø§ Ù…Ù†Ø§Ø³Ø¨ Ø¨Ø§Ø´Ø¯. Ú†Ø·ÙˆØ± Ù…ÛŒâ€ŒØªÙˆØ§Ù†ÛŒÙ… Ú©Ø§Ø± Ø±Ø§ Ø´Ø±ÙˆØ¹ Ú©Ù†ÛŒÙ…ØŸ Ù…ÛŒâ€ŒØ®ÙˆØ§Ù‡ÛŒØ¯ Ú†Ù†Ø¯ Ù†Ù…ÙˆÙ†Ù‡ Ø§Ø±Ø³Ø§Ù„ Ú©Ù†ÛŒÙ… ÛŒØ§ Ø¯Ø± Ù…ÙˆØ±Ø¯ Ø¢Ù† ØµØ­Ø¨Øª Ú©Ù†ÛŒÙ…ØŸ,SUPPLIER
212,ØªØ¨Ø±ÛŒÚ©! Ø´Ù…Ø§ ÛŒÚ© Ø³ÙØ± Ø±Ø§ÛŒÚ¯Ø§Ù† Ø¨Ù‡ Ø¨Ø§Ù‡Ø§Ù…Ø§ Ø¨Ø±Ù†Ø¯Ù‡ Ø´Ø¯Ù‡â€ŒØ§ÛŒØ¯! ÙÙ‚Ø· Ø±ÙˆÛŒ Ù„ÛŒÙ†Ú© Ú©Ù„ÛŒÚ© Ú©Ù†ÛŒØ¯ ØªØ§ Ø¬Ø§ÛŒØ²Ù‡ Ø®ÙˆØ¯ Ø±Ø§ Ø¯Ø±ÛŒØ§ÙØª Ú©Ù†ÛŒØ¯. Ù…Ù†ØªØ¸Ø± Ù†Ù…Ø§Ù†ÛŒØ¯ - Ø§ÛŒÙ† Ù¾ÛŒØ´Ù†Ù‡Ø§Ø¯ Ø¨Ø±Ø§ÛŒ Ù‡Ù…ÛŒØ´Ù‡ Ø§Ø¯Ø§Ù…Ù‡ Ù†Ø®ÙˆØ§Ù‡Ø¯ Ø¯Ø§Ø´Øª. Ù‡Ù…ÛŒÙ† Ø­Ø§Ù„Ø§ Ø§Ù†Ø¬Ø§Ù…Ø´ Ø¯Ù‡ÛŒØ¯ Ùˆ Ø¨Ø±Ø§ÛŒ Ø¢ÙØªØ§Ø¨ Ú¯Ø±ÙØªÙ† Ø¢Ù…Ø§Ø¯Ù‡ Ø´ÙˆÛŒØ¯!,SPAM
213,Ø³Ù„Ø§Ù…! Ù…Ù† Ø±Ù…Ø² Ø¹Ø¨ÙˆØ±Ù… Ø±Ø§ ÙØ±Ø§Ù…ÙˆØ´ Ú©Ø±Ø¯Ù‡â€ŒØ§Ù… Ùˆ Ù†Ù…ÛŒâ€ŒØªÙˆØ§Ù†Ù… ÙˆØ§Ø±Ø¯ Ø­Ø³Ø§Ø¨ Ú©Ø§Ø±Ø¨Ø±ÛŒâ€ŒØ§Ù… Ø´ÙˆÙ…. Ù…ÛŒâ€ŒØªÙˆØ§Ù†ÛŒØ¯ Ù…Ø±Ø§Ø­Ù„ Ø¨Ø§Ø²Ù†Ø´Ø§Ù†ÛŒ Ø¢Ù† Ø±Ø§ Ø¨Ø±Ø§ÛŒ Ù…Ù† Ø§Ø±Ø³Ø§Ù„ Ú©Ù†ÛŒØ¯ØŸ Ø§Ø² Ú©Ù…Ú©ØªØ§Ù† Ø³Ù¾Ø§Ø³Ú¯Ø²Ø§Ø±Ù…. Ø®ÛŒÙ„ÛŒ Ù…Ù…Ù†ÙˆÙ†!,SUPPORT
214,"Ø³Ù„Ø§Ù…! Ù…ÛŒâ€ŒØ®ÙˆØ§Ù… Ø¨Ø±Ø§ÛŒ ØªÛŒÙ…Ù… ÛŒÙ‡ Ø¯ÙˆØ±Ù‡ Ø¢Ù…ÙˆØ²Ø´ÛŒ Ø¨Ø±Ú¯Ø²Ø§Ø± Ú©Ù†Ù…. Ù…ÛŒâ€ŒØªÙˆÙ†ÛŒØ¯ Ø¨Ú¯ÛŒØ¯ Ú†Ù‡ Ù¾ÛŒØ´Ù†Ù‡Ø§Ø¯ÛŒ Ø¯Ø§Ø±ÛŒØ¯, Ù‡Ø²ÛŒÙ†Ù‡â€ŒØ§Ø´ Ú†Ù‚Ø¯Ø±Ù‡ Ùˆ Ú©ÛŒ Ù…ÛŒâ€ŒØªÙˆÙ†ÛŒØ¯ Ø§Ù†Ø¬Ø§Ù…Ø´ Ø¨Ø¯ÛŒØ¯ØŸ Ù…ÛŒâ€ŒØ®ÙˆØ§Ù… Ø²ÙˆØ¯ØªØ± Ø¨Ø±Ù†Ø§Ù…Ù‡â€ŒØ±ÛŒØ²ÛŒ Ú©Ù†ÛŒÙ…. Ù…ÙˆÙÙ‚ Ø¨Ø§Ø´ÛŒØ¯!",INQUIRY
215,"Ø³Ù„Ø§Ù…! Ù…Ù† ÙØ±ÙˆØ´Ù†Ø¯Ù‡â€ŒØ§ÛŒ Ù‡Ø³ØªÙ… Ú©Ù‡ Ø¹Ù„Ø§Ù‚Ù‡â€ŒÙ…Ù†Ø¯ Ø¨Ù‡ Ø´Ø±Ú©Øª Ø¯Ø± Ù…Ù†Ø§Ù‚ØµÙ‡ Ù¾Ø±ÙˆÚ˜Ù‡ Ø¨Ø¹Ø¯ÛŒ Ø´Ù…Ø§ Ù‡Ø³ØªÙ…. Ù…ÛŒâ€ŒØªÙˆØ§Ù†ÛŒØ¯ Ø§Ø·Ù„Ø§Ø¹Ø§Øª - Ø§Ø³Ù†Ø§Ø¯ Ù…Ù†Ø§Ù‚ØµÙ‡, Ù…Ù‡Ù„Øªâ€ŒÙ‡Ø§ Ùˆ Ø¢Ù†Ú†Ù‡ Ø¨Ù‡ Ø¯Ù†Ø¨Ø§Ù„ Ø¢Ù† Ù‡Ø³ØªÛŒØ¯ - Ø±Ø§ Ø¨Ø±Ø§ÛŒ Ù…Ù† Ø§Ø±Ø³Ø§Ù„ Ú©Ù†ÛŒØ¯ØŸ Ø¯ÙˆØ³Øª Ø¯Ø§Ø±Ù… Ø¯Ø± Ø¢Ù† Ø´Ø±Ú©Øª Ú©Ù†Ù….",SUPPLIER
216,"Ù‡ÛŒ! Ø´Ù…Ø§ Ù‡Ù…ÛŒÙ† Ø§Ù„Ø§Ù† Ù…Ù‚Ø¯Ø§Ø±ÛŒ Ù¾ÙˆÙ„ Ù†Ù‚Ø¯ Ø±Ø§ÛŒÚ¯Ø§Ù† Ø¨Ø±Ù†Ø¯Ù‡ Ø´Ø¯ÛŒØ¯! Ø¨Ø±Ø§ÛŒ Ø¯Ø±ÛŒØ§ÙØª Ø¬Ø§ÛŒØ²Ù‡ Ø®ÙˆØ¯ Ø³Ø±ÛŒØ¹ Ø§ÛŒÙ†Ø¬Ø§ Ú©Ù„ÛŒÚ© Ú©Ù†ÛŒØ¯. Ø¨Ø¯ÙˆÙ† Ù‡ÛŒÚ† Ù‚ÛŒØ¯ Ùˆ Ø´Ø±Ø·ÛŒ, ÙÙ‚Ø· Ø¬Ø§ÛŒØ²Ù‡. Ù‡Ø± Ú†Ù‡ Ø³Ø±ÛŒØ¹ØªØ± Ù¾Ø§Ø³Ø® Ø¯Ù‡ÛŒØ¯, Ø§ÛŒÙ† Ù¾ÛŒØ´Ù†Ù‡Ø§Ø¯ ÙÙ‚Ø· Ø¨Ø±Ø§ÛŒ Ù…Ø¯Øª Ù…Ø­Ø¯ÙˆØ¯ÛŒ Ù…Ø¹ØªØ¨Ø± Ø§Ø³Øª!",SPAM
217,"Ù‡ÛŒ! Ù…Ù† Ø¯Ø§Ø±Ù… Ø³Ø¹ÛŒ Ù…ÛŒâ€ŒÚ©Ù†Ù… Ø§Ø·Ù„Ø§Ø¹Ø§Øª ØµÙˆØ±ØªØ­Ø³Ø§Ø¨Ù… Ø±Ùˆ ØªÙˆÛŒ ÙˆØ¨â€ŒØ³Ø§ÛŒØª Ø´Ù…Ø§ Ø¨Ù‡â€ŒØ±ÙˆØ²Ø±Ø³Ø§Ù†ÛŒ Ú©Ù†Ù…, Ø§Ù…Ø§ Ù‡Ù…Ø´ Ø¨Ø§ Ø®Ø·Ø§ Ù…ÙˆØ§Ø¬Ù‡ Ù…ÛŒâ€ŒØ´Ù…. Ù…ÛŒâ€ŒØªÙˆÙ†ÛŒØ¯ Ú©Ù…Ú©Ù… Ú©Ù†ÛŒØ¯ Ø§ÛŒÙ† Ù…Ø´Ú©Ù„ Ø±Ùˆ Ø­Ù„ Ú©Ù†Ù… ÛŒØ§ Ø§Ø·Ù„Ø§Ø¹Ø§ØªÙ… Ø±Ùˆ Ø¯Ø³ØªÛŒ Ø¨Ù‡â€ŒØ±ÙˆØ²Ø±Ø³Ø§Ù†ÛŒ Ú©Ù†Ù…ØŸ Ø®ÛŒÙ„ÛŒ Ù…Ù…Ù†ÙˆÙ†!",SUPPORT
218,"Ø³Ù„Ø§Ù…! Ù…ÛŒØ´Ù‡ ÛŒÙ‡ Ø§Ø·Ù„Ø§Ø¹ Ø±Ø³Ø§Ù†ÛŒ Ø¯Ø± Ù…ÙˆØ±Ø¯ Ø³ÙØ§Ø±Ø´ Ø§Ø®ÛŒØ±Ù… Ø¨Ú©Ù†ÛŒØ¯ØŸ Ù‚Ø±Ø§Ø± Ø¨ÙˆØ¯ Ù‡ÙØªÙ‡ Ù¾ÛŒØ´ Ø¨Ø±Ø³Ù‡, Ø§Ù…Ø§ Ù‡Ù†ÙˆØ² Ù†Ø¯ÛŒØ¯Ù…Ø´. Ù…ÛŒØ´Ù‡ Ú†Ú© Ú©Ù†ÛŒØ¯ Ùˆ Ø§Ø·Ù„Ø§Ø¹Ø§Øª Ù¾ÛŒÚ¯ÛŒØ±ÛŒ Ø±Ùˆ Ø¨Ø±Ø§Ù… Ø¨ÙØ±Ø³ØªÛŒØ¯ØŸ Ù…Ù…Ù†ÙˆÙ†!",INQUIRY
219,"Ø³Ù„Ø§Ù…! Ù…Ù† Ø¯ÙˆØ¨Ø§Ø±Ù‡ Ø¯Ø± Ø¯Ø³ØªØ±Ø³ÛŒ Ø¨Ù‡ Ø­Ø³Ø§Ø¨ Ú©Ø§Ø±Ø¨Ø±ÛŒâ€ŒØ§Ù… Ù…Ø´Ú©Ù„ Ø¯Ø§Ø±Ù…. Ù‡Ù…Ø§Ù† Ù…Ø´Ú©Ù„ Ù‚Ø¨Ù„ÛŒ, Ø®ÛŒÙ„ÛŒ Ø¢Ø²Ø§Ø±Ø¯Ù‡Ù†Ø¯Ù‡ Ø§Ø³Øª. Ù…ÛŒâ€ŒØªÙˆØ§Ù†ÛŒØ¯ Ú©Ù…Ú©Ù… Ú©Ù†ÛŒØ¯ Ø³Ø±ÛŒØ¹ Ø§ÛŒÙ† Ù…Ø´Ú©Ù„ Ø±Ø§ Ø­Ù„ Ú©Ù†Ù…ØŸ Ø®ÛŒÙ„ÛŒ Ù…Ù…Ù†ÙˆÙ†!",SUPPORT
220,"Ø³Ù„Ø§Ù…! Ù…Ù† Ù…ÛŒâ€ŒØ®ÙˆØ§Ù‡Ù… ØªØ¹Ø¯Ø§Ø¯ÛŒ Ø§Ø² Ù…Ø­ØµÙˆÙ„Ø§Øª Ø´Ù…Ø§ Ø±Ø§ Ø¨Ø±Ø§ÛŒ ÙØ±ÙˆØ´Ú¯Ø§Ù‡Ù… Ø¨Ø®Ø±Ù…, Ø§Ù…Ø§ Ø¨Ù‡ Ø§Ø·Ù„Ø§Ø¹Ø§ØªÛŒ Ø¯Ø± Ù…ÙˆØ±Ø¯ ØªØ®ÙÛŒÙâ€ŒÙ‡Ø§ Ùˆ Ø²Ù…Ø§Ù† ØªØ­ÙˆÛŒÙ„ Ù†ÛŒØ§Ø² Ø¯Ø§Ø±Ù…. Ù‡Ù…Ú†Ù†ÛŒÙ†, Ú†Ú¯ÙˆÙ†Ù‡ Ù…ÛŒâ€ŒØªÙˆØ§Ù†Ù… ÛŒÚ© Ø³ÙØ§Ø±Ø´ Ø¨Ø²Ø±Ú¯ Ø«Ø¨Øª Ú©Ù†Ù…ØŸ Ø¬Ø²Ø¦ÛŒØ§Øª Ø±Ø§ Ø¨Ø±Ø§ÛŒ Ù…Ù† Ø§Ø±Ø³Ø§Ù„ Ú©Ù†ÛŒØ¯!",INQUIRY
221,"Ø³Ù„Ø§Ù…, Ø¯Ø§Ø±Ù… Ø¨Ø±Ø±Ø³ÛŒ Ù…ÛŒâ€ŒÚ©Ù†Ù… Ú©Ù‡ Ø¢ÛŒØ§ Ø´Ø±Ú©Øª Ø´Ù…Ø§ Ù…ÛŒâ€ŒØªÙˆØ§Ù†Ø¯ Ø¨Ø±Ø®ÛŒ Ø§Ø² Ù…ÙˆØ§Ø¯ Ø§ÙˆÙ„ÛŒÙ‡ Ù…Ø§Ù†Ù†Ø¯ ÙÙˆÙ„Ø§Ø¯ Ùˆ Ø¢Ù„ÙˆÙ…ÛŒÙ†ÛŒÙˆÙ… Ø±Ø§ Ø¨Ø±Ø§ÛŒ Ú©Ø³Ø¨ Ùˆ Ú©Ø§Ø± ØªÙˆÙ„ÛŒØ¯ÛŒ Ù…Ù† ØªØ£Ù…ÛŒÙ† Ú©Ù†Ø¯ ÛŒØ§ Ø®ÛŒØ±. Ø¯Ø± ØµÙˆØ±Øª Ø§Ù…Ú©Ø§Ù†, Ù…Ø±Ø§Ø­Ù„ ØªØ¨Ø¯ÛŒÙ„ Ø´Ø¯Ù† Ø¨Ù‡ ÙØ±ÙˆØ´Ù†Ø¯Ù‡ Ùˆ Ø§Ø±Ø³Ø§Ù„ Ù†Ù…ÙˆÙ†Ù‡â€ŒÙ‡Ø§ Ø±Ø§ Ø¨Ø±Ø§ÛŒ Ù…Ù† Ø§Ø±Ø³Ø§Ù„ Ú©Ù†ÛŒØ¯.",SUPPLIER
222,ÙˆØ§ÛŒ! Ø´Ù…Ø§ Ø¨Ø±Ù†Ø¯Ù‡ Ø®ÙˆØ´ Ø´Ø§Ù†Ø³ ÛŒÚ© Ø¢ÛŒÙÙˆÙ† Ø±Ø§ÛŒÚ¯Ø§Ù† Ù‡Ø³ØªÛŒØ¯! ÙÙ‚Ø· Ø§ÛŒÙ†Ø¬Ø§ Ú©Ù„ÛŒÚ© Ú©Ù†ÛŒØ¯ ØªØ§ Ù‡Ù…ÛŒÙ† Ø§Ù„Ø§Ù† Ø¢Ù† Ø±Ø§ Ø¯Ø±ÛŒØ§ÙØª Ú©Ù†ÛŒØ¯. Ù‚Ø³Ù… Ù…ÛŒâ€ŒØ®ÙˆØ±Ù… Ú©Ù„Ø§Ù‡Ø¨Ø±Ø¯Ø§Ø±ÛŒ Ù†ÛŒØ³Øª. Ø¹Ø¬Ù„Ù‡ Ú©Ù†ÛŒØ¯! Ø§ÛŒÙ† ÛŒÚ© Ú†ÛŒØ² Ø¨Ø§ Ù…Ø¯Øª Ø²Ù…Ø§Ù† Ù…Ø­Ø¯ÙˆØ¯ Ø§Ø³Øª.,SPAM
223,Ø³Ù„Ø§Ù…! Ù…Ù† Ø¨Ø§ÛŒØ¯ Ø±Ù…Ø² Ø¹Ø¨ÙˆØ± Ø³Ø§ÛŒØª Ø´Ù…Ø§ Ø±Ø§ ØªØºÛŒÛŒØ± Ø¯Ù‡Ù… Ø§Ù…Ø§ Ù…Ø±Ø§Ø­Ù„ Ø¢Ù† Ø±Ø§ ÙØ±Ø§Ù…ÙˆØ´ Ú©Ø±Ø¯Ù‡â€ŒØ§Ù…. Ù…ÛŒâ€ŒØªÙˆØ§Ù†ÛŒØ¯ Ø¨Ø±Ø§ÛŒ Ù…Ù† Ø§ÛŒÙ…ÛŒÙ„ÛŒ Ø¨ÙØ±Ø³ØªÛŒØ¯ Ú©Ù‡ Ú†Ú¯ÙˆÙ†Ù‡ Ø§ÛŒÙ† Ú©Ø§Ø± Ø±Ø§ Ø§Ù†Ø¬Ø§Ù… Ø¯Ù‡Ù…ØŸ Ø§Ø² Ú©Ù…Ú©ØªØ§Ù† Ù…ØªØ´Ú©Ø±Ù…. Ø¨Ø§ Ø¢Ø±Ø²ÙˆÛŒ Ù…ÙˆÙÙ‚ÛŒØª!,SUPPORT
224,"Û³Û¶. ""Ù‡ÛŒ! Ù…Ø§ Ø¹Ù„Ø§Ù‚Ù‡â€ŒÙ…Ù†Ø¯ÛŒÙ… Ú©Ù‡ Ø¨Ø±Ø§ÛŒ ØªÛŒÙ…Ù…Ø§Ù† Ø¨Ø§ Ø´Ù…Ø§ Ø¢Ù…ÙˆØ²Ø´ Ø¨Ø¨ÛŒÙ†ÛŒÙ…. Ú†Ù‡ Ø¨Ø±Ù†Ø§Ù…Ù‡â€ŒÙ‡Ø§ÛŒÛŒ Ø¯Ø§Ø±ÛŒØ¯",INQUIRY
225,"Ø³Ù„Ø§Ù…! Ù…Ù† Ù…ÛŒâ€ŒØ®ÙˆØ§Ù‡Ù… Ø¨Ø±Ø§ÛŒ Ù¾Ø±ÙˆÚ˜Ù‡ Ø¢ÛŒÙ†Ø¯Ù‡ Ø´Ù…Ø§ Ù¾ÛŒØ´Ù†Ù‡Ø§Ø¯ Ù‚ÛŒÙ…Øª Ø¨Ø¯Ù‡Ù…. Ù…ÛŒâ€ŒØªÙˆØ§Ù†ÛŒØ¯ Ø¨Ø³ØªÙ‡ Ù¾ÛŒØ´Ù†Ù‡Ø§Ø¯ Ù‚ÛŒÙ…Øª, Ù…Ù‡Ù„Øª Ùˆ Ø¢Ù†Ú†Ù‡ Ø±Ø§ Ú©Ù‡ Ø¨Ù‡ Ø¯Ù†Ø¨Ø§Ù„ Ø¢Ù† Ù‡Ø³ØªÛŒØ¯ Ø¨Ø±Ø§ÛŒ Ù…Ù† Ø§Ø±Ø³Ø§Ù„ Ú©Ù†ÛŒØ¯ØŸ Ø¯ÙˆØ³Øª Ø¯Ø§Ø±Ù… Ø¯Ø± Ø¢Ù† Ø´Ø±Ú©Øª Ú©Ù†Ù…. Ù…ØªØ´Ú©Ø±Ù…!",SUPPLIER
226,"Ù‡ÛŒ! Ø´Ù…Ø§ Ù‡Ù…ÛŒÙ† Ø§Ù„Ø§Ù† Ù…Ù‚Ø¯Ø§Ø±ÛŒ Ù¾ÙˆÙ„ Ù†Ù‚Ø¯ Ø±Ø§ÛŒÚ¯Ø§Ù† Ø¨Ø±Ù†Ø¯Ù‡ Ø´Ø¯ÛŒØ¯! Ù‡Ù…ÛŒÙ† Ø­Ø§Ù„Ø§ Ú©Ù„ÛŒÚ© Ú©Ù†ÛŒØ¯ ØªØ§ Ø¨Ø±Ù†Ø¯Ù‡ Ø´ÙˆÛŒØ¯. Ù‡ÛŒÚ† Ø¬Ø§ÛŒØ²Ù‡â€ŒØ§ÛŒ Ø¯Ø± Ú©Ø§Ø± Ù†ÛŒØ³Øª, ÙÙ‚Ø· Ù¾ÙˆÙ„ ÙÙˆØ±ÛŒ. Ù‚Ø¨Ù„ Ø§Ø² Ø§ÛŒÙ†Ú©Ù‡ Ø²Ù…Ø§Ù† ØªÙ…Ø§Ù… Ø´ÙˆØ¯, Ø§Ù†Ø¬Ø§Ù…Ø´ Ø¯Ù‡ÛŒØ¯!",SPAM
227,Ø³Ù„Ø§Ù…! Ù…Ù† Ø¯Ø§Ø±Ù… Ø³Ø¹ÛŒ Ù…ÛŒâ€ŒÚ©Ù†Ù… Ø§Ø·Ù„Ø§Ø¹Ø§Øª ØµÙˆØ±ØªØ­Ø³Ø§Ø¨Ù… Ø±Ø§ ØªØºÛŒÛŒØ± Ø¯Ù‡Ù… Ø§Ù…Ø§ Ù…Ø¯Ø§Ù… Ø®Ø·Ø§ Ø¯Ø±ÛŒØ§ÙØª Ù…ÛŒâ€ŒÚ©Ù†Ù…. Ù…ÛŒâ€ŒØªÙˆØ§Ù†ÛŒØ¯ Ø¨Ù‡ Ù…Ù† Ú©Ù…Ú© Ú©Ù†ÛŒØ¯ ØªØ§ Ø¢Ù† Ø±Ø§ Ø¨Ù‡ ØµÙˆØ±Øª Ø¯Ø³ØªÛŒ Ø¨Ù‡â€ŒØ±ÙˆØ²Ø±Ø³Ø§Ù†ÛŒ Ú©Ù†Ù… ÛŒØ§ Ø¨Ù‡ Ù…Ù† Ø¨Ú¯ÙˆÛŒÛŒØ¯ Ú†Ù‡ Ú©Ø§Ø± Ú©Ù†Ù…ØŸ Ø®ÛŒÙ„ÛŒ Ù…Ù…Ù†ÙˆÙ†!,SUPPORT
228,Ø³Ù„Ø§Ù…! Ù‡Ù…ÛŒÙ† Ø§Ù„Ø§Ù† Ø¯Ø§Ø´ØªÙ… Ø¢Ø®Ø±ÛŒÙ† Ø³ÙØ§Ø±Ø´Ù… Ø±Ùˆ Ú†Ú© Ù…ÛŒâ€ŒÚ©Ø±Ø¯Ù…. Ù‚Ø±Ø§Ø± Ø¨ÙˆØ¯ Ù‡ÙØªÙ‡ Ù¾ÛŒØ´ Ø§Ø±Ø³Ø§Ù„ Ø¨Ø´Ù‡ Ø§Ù…Ø§ Ù‡Ù†ÙˆØ² Ù†Ø±Ø³ÛŒØ¯Ù‡. Ù…ÛŒâ€ŒØªÙˆÙ†ÛŒØ¯ ÛŒÙ‡ Ø¨Ù‡â€ŒØ±ÙˆØ²Ø±Ø³Ø§Ù†ÛŒ ÛŒØ§ Ø§Ø·Ù„Ø§Ø¹Ø§Øª Ù¾ÛŒÚ¯ÛŒØ±ÛŒ Ø¨Ù‡Ù… Ø¨Ø¯ÛŒØ¯ØŸ Ø®ÛŒÙ„ÛŒ Ù…Ù…Ù†ÙˆÙ†!,INQUIRY
229,"Ù‡ÛŒ!! Ù…Ù† Ø³Ø¹ÛŒ Ú©Ø±Ø¯Ù… ÙˆØ§Ø±Ø¯ Ø­Ø³Ø§Ø¨ Ú©Ø§Ø±Ø¨Ø±ÛŒÙ… Ø¨Ø´Ù… Ø§Ù…Ø§ Ù‡Ù…Ø´ Ù…ÛŒÚ¯Ù‡ Ø®Ø·Ø§ ğŸ˜¡ Ù…ÛŒØ´Ù‡ Ù„Ø·ÙØ§ Ú©Ù…Ú©Ù… Ú©Ù†ÛŒØ¯ Ø³Ø±ÛŒØ¹ Ø¯Ø±Ø³ØªØ´ Ú©Ù†Ù…ØŸØŸ Ø®ÛŒÙ„ÛŒ Ù…Ù…Ù†ÙˆÙ†! Ù…Ø±Ø³ÛŒ, Ø¬Ø§Ù† Ø¯Ùˆ",SUPPORT
230,"Ø³Ù„Ø§Ù…! Ù…Ù† Ù…ÛŒâ€ŒØ®ÙˆØ§Ù‡Ù… ØªØ¹Ø¯Ø§Ø¯ Ø²ÛŒØ§Ø¯ÛŒ Ø§Ø² Ù…Ø­ØµÙˆÙ„Ø§Øª Ø´Ù…Ø§ Ø±Ø§ Ø¨Ø±Ø§ÛŒ ÙØ±ÙˆØ´Ú¯Ø§Ù‡Ù… Ø¨Ø®Ø±Ù…, Ø§Ù…Ø§ Ø¨Ù‡ Ø¬Ø²Ø¦ÛŒØ§ØªÛŒ Ø¯Ø± Ù…ÙˆØ±Ø¯ ØªØ®ÙÛŒÙâ€ŒÙ‡Ø§, Ø²Ù…Ø§Ù† ØªØ­ÙˆÛŒÙ„ Ùˆ Ù†Ø­ÙˆÙ‡ Ø³ÙØ§Ø±Ø´ Ù…Ù‚Ø§Ø¯ÛŒØ± Ø²ÛŒØ§Ø¯ Ù†ÛŒØ§Ø² Ø¯Ø§Ø±Ù…ØŸØŸ Ù„Ø·ÙØ§ Ø§Ø·Ù„Ø§Ø¹Ø§Øª Ø±Ø§ Ø¨Ø±Ø§ÛŒ Ù…Ù† Ø§Ø±Ø³Ø§Ù„ Ú©Ù†ÛŒØ¯! :) Ø¨Ø§ Ø§Ø­ØªØ±Ø§Ù…, Ù…Ø§ÛŒÚ©",INQUIRY
231,"Ø³Ù„Ø§Ù…, Ù…Ù† Ø¯Ù†Ø¨Ø§Ù„ Ù…ÙˆØ§Ø¯ÛŒ Ù…Ø«Ù„ ÙÙˆÙ„Ø§Ø¯ Ùˆ Ø¢Ù„ÙˆÙ…ÛŒÙ†ÛŒÙˆÙ… Ø¨Ø±Ø§ÛŒ Ø³Ø§Ø®Øª Ú†ÛŒØ²Ù‡Ø§ÛŒÛŒ Ù‡Ø³ØªÙ…. Ù…ÛŒØ´Ù‡ Ø¨Ù‡Ù… Ø¨Ú¯ÛŒØ¯ Ú†Ø·ÙˆØ± Ù…ÛŒØªÙˆÙ†Ù… ÙØ±ÙˆØ´Ù†Ø¯Ù‡ Ø´Ù…Ø§ Ø¨Ø´Ù…ØŸ Ø§Ú¯Ù‡ Ù…ÛŒØ´Ù‡ Ù†Ù…ÙˆÙ†Ù‡ Ø¨Ø±Ø§Ù… Ø¨ÙØ±Ø³ØªÛŒØ¯. Ù…Ù…Ù†ÙˆÙ†! Ø¨Ø§ Ø¢Ø±Ø²ÙˆÛŒ Ù…ÙˆÙÙ‚ÛŒØª, Ø³Ø§Ø±Ø§.",SUPPLIER
232,"ÙˆØ§ÛŒ Ø®Ø¯Ø§ÛŒ Ù…Ù†!!! Ø´Ù…Ø§ ÛŒÚ© Ø¢ÛŒÙÙˆÙ† Ø±Ø§ÛŒÚ¯Ø§Ù† Ø¨Ø±Ù†Ø¯Ù‡ Ø´Ø¯ÛŒØ¯!!! ğŸ˜± Ù‡Ù…ÛŒÙ† Ø­Ø§Ù„Ø§ Ø§ÛŒÙ†Ø¬Ø§ Ú©Ù„ÛŒÚ© Ú©Ù†ÛŒØ¯ ØªØ§ Ø¢Ù† Ø±Ø§ Ø¯Ø±ÛŒØ§ÙØª Ú©Ù†ÛŒØ¯!! Ù¾ÛŒØ´Ù†Ù‡Ø§Ø¯ Ù…Ø­Ø¯ÙˆØ¯, Ø§Ø² Ø¯Ø³Øª Ù†Ø¯Ù‡ÛŒØ¯!!! ğŸ‰ğŸ‰ Ù…Ù…Ù†ÙˆÙ†, Ø§Ø¯Ù…ÛŒÙ†",SPAM
233,"Ù‡ÛŒ! Ø¯ÙˆØ¨Ø§Ø±Ù‡ Ø±Ù…Ø² Ø¹Ø¨ÙˆØ±Ù… Ø±Ùˆ ÙØ±Ø§Ù…ÙˆØ´ Ú©Ø±Ø¯Ù… ğŸ™„ Ù…ÛŒØ´Ù‡ Ù„Ø·ÙØ§ Ù…Ø±Ø§Ø­Ù„ Ø±ÛŒØ³Øª Ú©Ø±Ø¯Ù†Ø´ Ø±Ùˆ Ø¨Ø±Ø§Ù… Ø§ÛŒÙ…ÛŒÙ„ Ú©Ù†ÛŒØŸ Ø®ÛŒÙ„ÛŒ ÙÙˆØ±ÛŒ Ø¨Ø§ÛŒØ¯ ÙˆØµÙ„ Ø¨Ø´Ù…. Ù…Ø±Ø³ÛŒ! Ø¨Ø±Ø§Øª Ø¢Ø±Ø²ÙˆÛŒ Ù…ÙˆÙÙ‚ÛŒØª Ø¯Ø§Ø±Ù…, Ø§Ù…ÛŒÙ„ÛŒ.",SUPPORT
234,"Ù‡ÛŒ! Ù…Ø§ Ù…ÛŒâ€ŒØ®ÙˆØ§ÛŒÙ… Ø¨Ø±Ø§ÛŒ ØªÛŒÙ…Ù…ÙˆÙ† ÛŒÙ‡ Ø³Ø±ÛŒ ØªÙ…Ø±ÛŒÙ† Ø§Ù†Ø¬Ø§Ù… Ø¨Ø¯ÛŒÙ…. Ø¨Ø±Ù†Ø§Ù…Ù‡â€ŒÙ‡Ø§, Ù‡Ø²ÛŒÙ†Ù‡â€ŒÙ‡Ø§, Ùˆ ØªØ§Ø±ÛŒØ®â€ŒÙ‡Ø§ÛŒ Ù…ÙˆØ¬ÙˆØ¯ Ú†ÛŒÙ‡ØŸØŸ Ø³Ø±ÛŒØ¹ Ø¨Ù‡Ù… Ø®Ø¨Ø± Ø¨Ø¯Ù‡!! Ø±ÙˆØ­Øª Ø´Ø§Ø¯, Ø¯ÛŒÙˆ.",INQUIRY
235,"Ø³Ù„Ø§Ù…! Ø¹Ù„Ø§Ù‚Ù‡â€ŒÙ…Ù†Ø¯ Ø¨Ù‡ Ø´Ø±Ú©Øª Ø¯Ø± Ù…Ù†Ø§Ù‚ØµÙ‡ Ù¾Ø±ÙˆÚ˜Ù‡ Ø´Ù…Ø§ Ù‡Ø³ØªÙ…, Ù„Ø·ÙØ§Ù‹ Ø§Ø³Ù†Ø§Ø¯ Ù…Ù†Ø§Ù‚ØµÙ‡, Ù…Ù‡Ù„Øª Ùˆ Ø¢Ù†Ú†Ù‡ Ø±Ø§ Ú©Ù‡ Ø¨Ù‡ Ø¯Ù†Ø¨Ø§Ù„ Ø¢Ù† Ù‡Ø³ØªÛŒØ¯, Ø§Ø±Ø³Ø§Ù„ Ú©Ù†ÛŒØ¯. Ù‡Ø± Ú†Ù‡ Ø³Ø±ÛŒØ¹ØªØ± Ø¨Ù‡ Ø¢Ù† Ù†ÛŒØ§Ø² Ø¯Ø§Ø±Ù…!! Ù…ØªØ´Ú©Ø±Ù…! Ø¨Ø§ Ø§Ø­ØªØ±Ø§Ù…, Ù„ÛŒØ²Ø§.",SUPPLIER
236,"Ù‡ÛŒ! ØªÙˆ Ù‡Ù…ÛŒÙ† Ø§Ù„Ø§Ù† ÛŒÙ‡ Ø¹Ø§Ù„Ù…Ù‡ Ù¾ÙˆÙ„ Ù†Ù‚Ø¯ Ø±Ø§ÛŒÚ¯Ø§Ù† Ø¨Ø±Ù†Ø¯Ù‡ Ø´Ø¯ÛŒ ğŸ’°ğŸ”¥ Ù‡Ù…ÛŒÙ† Ø§Ù„Ø§Ù† Ú©Ù„ÛŒÚ© Ú©Ù† ØªØ§ Ø¬Ø§ÛŒØ²Ù‡â€ŒØ§Øª Ø±Ùˆ Ø¨Ú¯ÛŒØ±ÛŒ ğŸ˜â³!! Ø¹Ø¬Ù„Ù‡ Ú©Ù† Ù‚Ø¨Ù„ Ø§Ø² Ø§ÛŒÙ†Ú©Ù‡ ØªÙ…ÙˆÙ… Ø¨Ø´Ù‡! Ø¯Ù…Øª Ú¯Ø±Ù…, ØªØ§Ù…",SPAM
237,"Ù‡ÛŒ!! Ù…Ù† Ø¨Ø±Ø§ÛŒ Ø¨Ù‡â€ŒØ±ÙˆØ²Ø±Ø³Ø§Ù†ÛŒ Ø§Ø·Ù„Ø§Ø¹Ø§Øª ØµÙˆØ±ØªØ­Ø³Ø§Ø¨Ù… Ø¨Ù‡ Ú©Ù…Ú© Ù†ÛŒØ§Ø² Ø¯Ø§Ø±Ù…, Ù…Ø¯Ø§Ù… Ø®Ø·Ø§ Ù…ÛŒâ€ŒØ¯Ù‡Ø¯ ğŸ™„ Ù„Ø·ÙØ§ Ø¢Ù† Ø±Ø§ Ø¯Ø±Ø³Øª Ú©Ù†ÛŒØ¯ ÛŒØ§ Ø¯Ø³ØªÛŒ Ø§Ù†Ø¬Ø§Ù… Ø¯Ù‡ÛŒØ¯!! Ø®ÛŒÙ„ÛŒ Ù…Ù…Ù†ÙˆÙ†! ğŸ˜Š Ø¨Ø§ Ø§Ø­ØªØ±Ø§Ù…, Ø¢Ù„ÛŒØ³.",SUPPORT
238,"Ø³Ù„Ø§Ù…!! ÙÙ‚Ø· Ù…ÛŒâ€ŒØ®ÙˆØ§Ù… Ø¢Ø®Ø±ÛŒÙ† Ø³ÙØ§Ø±Ø´Ù… Ø±Ùˆ Ø¨Ø¨ÛŒÙ†Ù…, Ù‚Ø±Ø§Ø± Ø¨ÙˆØ¯ Ù‡ÙØªÙ‡ Ù¾ÛŒØ´ Ø¨Ø±Ø³Ù‡ Ø§ÛŒÙ†Ø¬Ø§ Ø§Ù…Ø§ Ø®Ø¨Ø±ÛŒ Ù†ÛŒØ³Øª. Ù…ÛŒâ€ŒØªÙˆÙ†ÛŒ Ø§Ø·Ù„Ø§Ø¹Ø§Øª Ø±Ù‡Ú¯ÛŒØ±ÛŒ Ø±Ùˆ Ø¨Ø±Ø§Ù… Ø¨ÙØ±Ø³ØªÛŒ Ù„Ø·ÙØ§ØŸ Ø®ÛŒÙ„ÛŒ Ù…Ù…Ù†ÙˆÙ†!! Ø¨Ù‡ Ø³Ù„Ø§Ù…ØªÛŒ, Ø³Ù…",INQUIRY
239,"Ù‡ÛŒ!! Ø¯ÙˆØ¨Ø§Ø±Ù‡ Ø³Ø¹ÛŒ Ú©Ø±Ø¯Ù… ÙˆØ§Ø±Ø¯ Ø³ÛŒØ³ØªÙ… Ø¨Ø´Ù… Ø§Ù…Ø§ Ù‡ÛŒ Ù…ÛŒÚ¯Ù‡ Ø®Ø·Ø§ ğŸ˜¡ Ù„Ø·ÙØ§ Ú©Ù…Ú©Ù… Ú©Ù†ÛŒØ¯ Ù‡Ø± Ú†Ù‡ Ø²ÙˆØ¯ØªØ± Ø¯Ø±Ø³ØªØ´ Ú©Ù†Ù…!! Ø®ÛŒÙ„ÛŒ Ù…Ù…Ù†ÙˆÙ†!! Ø¢ÙØ±ÛŒÙ†, Ù…Ø§Ø±Ú©",SUPPORT
240,"Ø³Ù„Ø§Ù…! Ù…Ù† Ù…ÛŒâ€ŒØ®ÙˆØ§Ù‡Ù… ØªØ¹Ø¯Ø§Ø¯ Ø²ÛŒØ§Ø¯ÛŒ Ø§Ø² Ù…Ø­ØµÙˆÙ„Ø§Øª Ø´Ù…Ø§ Ø±Ø§ Ø§Ø² ÙØ±ÙˆØ´Ú¯Ø§Ù‡ Ø®ÙˆØ¯Ù… Ø¨Ø®Ø±Ù…, Ø§Ù…Ø§ Ù…ÛŒâ€ŒØ®ÙˆØ§Ù‡Ù… Ø¯Ø± Ù…ÙˆØ±Ø¯ ØªØ®ÙÛŒÙâ€ŒÙ‡Ø§, Ø§Ø±Ø³Ø§Ù„ Ùˆ Ù†Ø­ÙˆÙ‡ Ø«Ø¨Øª Ø³ÙØ§Ø±Ø´â€ŒÙ‡Ø§ÛŒ Ø¨Ø²Ø±Ú¯ Ø¨Ø¯Ø§Ù†Ù…, Ù„Ø·ÙØ§Ù‹ Ø¬Ø²Ø¦ÛŒØ§Øª Ø±Ø§ Ø§Ø±Ø³Ø§Ù„ Ú©Ù†ÛŒØ¯!! Ø´Ø§Ø¯ Ø¨Ø§Ø´ÛŒ, Ù„ÛŒÙ„ÛŒ ğŸ˜Š",INQUIRY
241,"Ù‡ÛŒ! Ù…Ø§ ÛŒÚ©SUPPLIER Ø¬Ø¯ÛŒØ¯ Ù‡Ø³ØªÛŒÙ… Ùˆ Ù¾Ù„Ø§Ø³ØªÛŒÚ© Ùˆ Ù…ÙˆØ§Ø¯ Ø¨Ø³ØªÙ‡â€ŒØ¨Ù†Ø¯ÛŒ Ù…ÙˆØ±Ø¯ Ù†ÛŒØ§Ø² Ø´Ù…Ø§ Ø±Ø§ Ø¯Ø§Ø±ÛŒÙ…. Ú†Ø·ÙˆØ± Ø´Ø±ÙˆØ¹ Ú©Ù†ÛŒÙ…ØŸ Ù„Ø·ÙØ§ Ù†Ù…ÙˆÙ†Ù‡ Ø§Ø±Ø³Ø§Ù„ Ú©Ù†ÛŒØ¯! Ù…Ù…Ù†ÙˆÙ†!! Ø¨Ø§ Ø§Ø­ØªØ±Ø§Ù…, Ú©ÙˆÛŒÙ†.",SUPPLIER
242,"ÙˆØ§ÛŒ Ø®Ø¯Ø§ÛŒ Ù…Ù†!!!!! ØªÙˆ ÛŒÙ‡ Ø³ÙØ± Ø±Ø§ÛŒÚ¯Ø§Ù† Ø¨Ù‡ Ù‡Ø§ÙˆØ§ÛŒÛŒ Ø¨Ø±Ù†Ø¯Ù‡ Ø´Ø¯ÛŒ!!! ğŸŒºğŸŒ´ Ù‡Ù…ÛŒÙ† Ø§Ù„Ø§Ù† Ø§ÛŒÙ†Ø¬Ø§ Ú©Ù„ÛŒÚ© Ú©Ù† ØªØ§ Ø¬Ø§ÛŒØ²Ù‡â€ŒØ§Øª Ø±Ùˆ Ø¨Ú¯ÛŒØ±ÛŒ!! Ø¹Ø¬Ù„Ù‡ Ú©Ù†, ØªÙ…ÙˆÙ… Ø´Ø¯!! ğŸ‰ğŸ‰ Ù…Ù…Ù†ÙˆÙ†, Ø§Ø¯Ù…ÛŒÙ†",SPAM
243,"Ù‡ÛŒ! Ø¯ÙˆØ¨Ø§Ø±Ù‡ Ø±Ù…Ø² Ø¹Ø¨ÙˆØ±Ù… Ø±Ùˆ ÙØ±Ø§Ù…ÙˆØ´ Ú©Ø±Ø¯Ù… ğŸ™„ Ù…ÛŒØ´Ù‡ Ù„Ø·ÙØ§ Ø¯Ø³ØªÙˆØ±Ø§Ù„Ø¹Ù…Ù„ Ø±ÛŒØ³Øª Ú©Ø±Ø¯Ù†Ø´ Ø±Ùˆ Ø¨Ø±Ø§Ù… Ø¨ÙØ±Ø³ØªÛŒØŸØŸ ÙˆØ§Ù‚Ø¹Ø§ Ø¨Ù‡ Ø­Ø³Ø§Ø¨ Ú©Ø§Ø±Ø¨Ø±ÛŒÙ… Ù†ÛŒØ§Ø² Ø¯Ø§Ø±Ù…! Ù…Ù…Ù†ÙˆÙ†!! Ø¨Ø§ Ø§Ø­ØªØ±Ø§Ù…, Ø¬Ø³ÛŒÚ©Ø§.",SUPPORT
244,"Ø³Ù„Ø§Ù…! Ù…ÛŒâ€ŒØ®ÙˆØ§Ù… Ø¨Ø§ Ø´Ù…Ø§Ù‡Ø§ ØªÙ…Ø±ÛŒÙ† ØªÛŒÙ…ÛŒ Ø§Ù†Ø¬Ø§Ù… Ø¨Ø¯Ù…. Ù…ÛŒâ€ŒØªÙˆÙ†ÛŒØ¯ Ø¨Ú¯ÛŒØ¯ Ú†Ù‡ Ø¯ÙˆØ±Ù‡â€ŒÙ‡Ø§ÛŒÛŒ Ø±Ùˆ Ú¯Ø°Ø±ÙˆÙ†Ø¯ÛŒØ¯, Ú†Ù‚Ø¯Ø± Ù‡Ø²ÛŒÙ†Ù‡ Ø¯Ø§Ø´Øª Ùˆ Ú©ÛŒ Ù…ÛŒâ€ŒØªÙˆÙ†ÛŒØ¯ Ø§Ù†Ø¬Ø§Ù…Ø´ Ø¨Ø¯ÛŒØ¯ØŸ Ø¨Ø§ÛŒØ¯ Ù‡Ø± Ú†Ù‡ Ø²ÙˆØ¯ØªØ± ÙˆÙ‚Øª Ø¨Ú¯ÛŒØ±Ù…!! Ù…Ù…Ù†ÙˆÙ†!! Ø¯Ù…Øª Ú¯Ø±Ù…, ØªØ§Ù….",INQUIRY
245,"Ø³Ù„Ø§Ù…! Ù…Ù† Ù…ÛŒâ€ŒØ®ÙˆØ§Ù‡Ù… Ø¨Ø±Ø§ÛŒ Ù¾Ø±ÙˆÚ˜Ù‡ Ø¨Ø²Ø±Ú¯ Ø¨Ø¹Ø¯ÛŒ Ø´Ù…Ø§ Ù¾ÛŒØ´Ù†Ù‡Ø§Ø¯ Ù‚ÛŒÙ…Øª Ø¨Ø¯Ù‡Ù…. Ù„Ø·ÙØ§Ù‹ Ø¨Ø³ØªÙ‡ Ù¾ÛŒØ´Ù†Ù‡Ø§Ø¯ÛŒ, Ù…Ù‡Ù„Øª Ùˆ ØªÙ…Ø§Ù… Ø¬Ø²Ø¦ÛŒØ§Øª Ø±Ø§ Ø¨Ø±Ø§ÛŒ Ù…Ù† Ø§Ø±Ø³Ø§Ù„ Ú©Ù†ÛŒØ¯. ÙÙˆØ±ÛŒ!! Ù…ØªØ´Ú©Ø±Ù…, Ø¢Ù„ÛŒØ³.",SUPPLIER
246,"Ù‡ÛŒ! ØªÙˆ Û± Ù…ÛŒÙ„ÛŒÙˆÙ† Ù¾ÙˆÙ„ Ù†Ù‚Ø¯ Ø±Ø§ÛŒÚ¯Ø§Ù† Ø¯Ø§Ø±ÛŒ!! ğŸ’µğŸ”¥ ÙÙ‚Ø· Ø±ÙˆÛŒ Ø§ÛŒÙ† Ù„ÛŒÙ†Ú© Ú©Ù„ÛŒÚ© Ú©Ù† ØªØ§ Ù¾ÙˆÙ„Øª Ø±Ùˆ Ø¯Ø±ÛŒØ§ÙØª Ú©Ù†ÛŒ!! Ø´ÙˆØ®ÛŒ Ù†ÛŒØ³Øª!! Ø¹Ø¬Ù„Ù‡ Ú©Ù†ğŸ‘Œ!! Ø¨Ù‡ Ø³Ù„Ø§Ù…ØªÛŒ, Ø±Ø§Ø¨",SPAM
247,"Ù‡ÛŒ!! Ù…Ù† Ø¨Ø±Ø§ÛŒ Ø§Ø·Ù„Ø§Ø¹Ø§Øª ØµÙˆØ±ØªØ­Ø³Ø§Ø¨Ù… Ø¨Ù‡ Ú©Ù…Ú© Ù†ÛŒØ§Ø² Ø¯Ø§Ø±Ù…. ÙˆÙ‚ØªÛŒ Ø³Ø¹ÛŒ Ù…ÛŒâ€ŒÚ©Ù†Ù… Ø¢Ù† Ø±Ø§ Ø¨Ù‡â€ŒØ±ÙˆØ²Ø±Ø³Ø§Ù†ÛŒ Ú©Ù†Ù…, Ù…Ø¯Ø§Ù… Ø®Ø·Ø§ Ù…ÛŒâ€ŒØ¯Ù‡Ø¯ ğŸ˜• Ù„Ø·ÙØ§ Ø¢Ù† Ø±Ø§ Ø¯Ø±Ø³Øª Ú©Ù†ÛŒØ¯ ÛŒØ§ Ø¯Ø³ØªÛŒ Ø§Ù†Ø¬Ø§Ù… Ø¯Ù‡ÛŒØ¯!! Ø®ÛŒÙ„ÛŒ Ù…Ù…Ù†ÙˆÙ†!!! Ø¨Ø§ Ø§Ø­ØªØ±Ø§Ù…, Ø¯Ù†ÛŒÙ„.",SUPPORT
248,"Ø³Ù„Ø§Ù…!! Ø¯Ø§Ø±Ù… Ø³ÙØ§Ø±Ø´Ù… Ø±Ùˆ Ú†Ú© Ù…ÛŒâ€ŒÚ©Ù†Ù…. Ù‚Ø±Ø§Ø± Ø¨ÙˆØ¯ Ù‡ÙØªÙ‡ Ù¾ÛŒØ´ Ø¨Ø±Ø³Ù‡ Ø§Ù…Ø§ Ø®Ø¨Ø±ÛŒ Ù†ÛŒØ³Øª. Ù…ÛŒâ€ŒØªÙˆÙ†ÛŒ Ø§Ø·Ù„Ø§Ø¹Ø§Øª Ø±Ù‡Ú¯ÛŒØ±ÛŒ Ø±Ùˆ Ø¨Ø±Ø§Ù… Ø¨ÙØ±Ø³ØªÛŒØŸ Ù‡Ø± Ú†Ù‡ Ø²ÙˆØ¯ØªØ± Ù„Ø§Ø²Ù…Ø´ Ø¯Ø§Ø±Ù…!! Ø®ÛŒÙ„ÛŒ Ù…Ù…Ù†ÙˆÙ†! Ù…Ø±Ø³ÛŒ, Ú©ÛŒØª.",INQUIRY
249,"Ù‡ÛŒ! Ú†Ù†Ø¯ Ø±ÙˆØ² Ú¯Ø°Ø´ØªÙ‡ Ùˆ Ù‡Ù†ÙˆØ² Ù‡ÛŒÚ† Ø¨Ù‡â€ŒØ±ÙˆØ²Ø±Ø³Ø§Ù†ÛŒ Ø¯Ø± Ù…ÙˆØ±Ø¯ Ù…Ø´Ú©Ù„ Ù…Ù† Ø§Ø±Ø§Ø¦Ù‡ Ù†Ø´Ø¯Ù‡ ğŸ˜¤ Ù„Ø·ÙØ§ Ù‡Ø± Ú†Ù‡ Ø³Ø±ÛŒØ¹â€ŒØªØ± Ø§ÛŒÙ† Ù…Ø´Ú©Ù„ Ø±Ø§ Ø­Ù„ Ú©Ù†ÛŒØ¯!! Ù…Ù† Ø§Ù„Ø§Ù† Ø¨Ù‡ Ú©Ù…Ú© Ù†ÛŒØ§Ø² Ø¯Ø§Ø±Ù…!! Ù…Ù…Ù†ÙˆÙ†, Ù…Ø§ÛŒÚ© Ø¬Ø§Ù†Ø³ÙˆÙ†",SUPPORT
250,"Ø³Ù„Ø§Ù…! Ù…Ù† Ù…ÛŒâ€ŒØ®ÙˆØ§Ù‡Ù… ØªØ¹Ø¯Ø§Ø¯ Ø²ÛŒØ§Ø¯ÛŒ Ø§Ø² Ø§Ø¬Ù†Ø§Ø³ Ø´Ù…Ø§ Ø±Ø§ Ø¨Ø®Ø±Ù…, Ø§Ù…Ø§ Ù…ÛŒâ€ŒØ®ÙˆØ§Ù‡Ù… Ø¯Ø± Ù…ÙˆØ±Ø¯ ØªØ®ÙÛŒÙâ€ŒÙ‡Ø§ Ùˆ Ø²Ù…Ø§Ù† Ø§Ø±Ø³Ø§Ù„ Ø¨Ø¯Ø§Ù†Ù…ØŸ Ù‡Ù…Ú†Ù†ÛŒÙ† Ú†Ú¯ÙˆÙ†Ù‡ Ù…ÛŒâ€ŒØªÙˆØ§Ù†Ù… Ø³ÙØ§Ø±Ø´â€ŒÙ‡Ø§ÛŒ Ø¨Ø²Ø±Ú¯ Ø«Ø¨Øª Ú©Ù†Ù…. Ù„Ø·ÙØ§ Ø³Ø±ÛŒØ¹ Ù¾Ø§Ø³Ø® Ø¯Ù‡ÛŒØ¯!!! Ø¨Ø§ Ø¢Ø±Ø²ÙˆÛŒ Ù…ÙˆÙÙ‚ÛŒØª, Ù„ÛŒØ²Ø§.",INQUIRY
251,"Ù‡ÛŒ, Ù…Ù† Ù…ÛŒâ€ŒØ®ÙˆØ§Ù‡Ù…SUPPLIER Ø¬Ø¯ÛŒØ¯ Ø´Ù…Ø§ Ø¨Ø§Ø´Ù…! Ù…Ù† Ù¾Ù„Ø§Ø³ØªÛŒÚ© Ùˆ Ú†ÛŒØ²Ù‡Ø§ÛŒ Ø®ÙˆØ¨ Ø¯Ø§Ø±Ù…. Ú†Ú¯ÙˆÙ†Ù‡ Ù…ÛŒâ€ŒØªÙˆØ§Ù†Ù… ÙØ±ÙˆØ´Ù†Ø¯Ù‡ Ø´Ù…Ø§ Ø´ÙˆÙ…ØŸ Ø¬Ø²Ø¦ÛŒØ§Øª Ùˆ Ø´Ø§ÛŒØ¯ Ú†Ù†Ø¯ Ù†Ù…ÙˆÙ†Ù‡ Ø¨Ø±Ø§ÛŒ Ù…Ù† Ø§Ø±Ø³Ø§Ù„ Ú©Ù†ÛŒØ¯ØŸ Ù…ØªØ´Ú©Ø±Ù…! Ø¨Ø§ Ø§Ø­ØªØ±Ø§Ù…, Ø¯ÛŒÙˆ.",SUPPLIER
252,"ÙˆØ§ÛŒ!!! Ø´Ù…Ø§ ÛŒÚ© ØªÙ„ÙˆÛŒØ²ÛŒÙˆÙ† Ø±Ø§ÛŒÚ¯Ø§Ù† Ø¨Ø±Ù†Ø¯Ù‡ Ø´Ø¯ÛŒØ¯!!! ğŸ“ºâœ¨ğŸ˜ Ù‡Ù…ÛŒÙ† Ø­Ø§Ù„Ø§ Ú©Ù„ÛŒÚ© Ú©Ù†ÛŒØ¯ ØªØ§ Ø¬Ø§ÛŒØ²Ù‡ Ø®ÙˆØ¯ Ø±Ø§ Ø¯Ø±ÛŒØ§ÙØª Ú©Ù†ÛŒØ¯!!! ÙÙ‚Ø· Ø¨Ø±Ø§ÛŒ Ù…Ø¯Øª Ù…Ø­Ø¯ÙˆØ¯!! Ù…Ù…Ù†ÙˆÙ†, Ø§Ø¯Ù…ÛŒÙ†",SPAM
253,"Ø³Ù„Ø§Ù… Ø¨Ú†Ù‡â€ŒÙ‡Ø§! Ø¯ÙˆØ¨Ø§Ø±Ù‡ Ø±Ù…Ø² Ø¹Ø¨ÙˆØ±Ù… Ø±Ùˆ ÙØ±Ø§Ù…ÙˆØ´ Ú©Ø±Ø¯Ù… ğŸ™„ Ù…ÛŒØ´Ù‡ Ù„Ø·ÙØ§ Ø¯ÙˆØ¨Ø§Ø±Ù‡ Ø¨Ø±Ø§Ù… Ø¯Ø³ØªÙˆØ±Ø§Ù„Ø¹Ù…Ù„ Ø¨ÙØ±Ø³ØªÛŒØ¯ØŸ Ø§Ù„Ø§Ù† Ø¨Ø§ÛŒØ¯ Ø¨Ø±Ù… ğŸ˜…. Ø®ÛŒÙ„ÛŒ Ù…Ù…Ù†ÙˆÙ†! Ø¨Ù‡ØªØ±ÛŒÙ†â€ŒÙ‡Ø§ Ø±Ùˆ Ø¨Ø±Ø§Øª Ø¢Ø±Ø²Ùˆ Ù…ÛŒâ€ŒÚ©Ù†Ù…, Ø³ÙˆÙÛŒ.",SUPPORT
254,"ÛµÛ¶ ""Ù‡ÛŒ! Ù…Ù† Ù…ÛŒâ€ŒØ®ÙˆØ§Ù‡Ù… Ø¨Ø±Ø§ÛŒ ØªÛŒÙ…Ù… ØªÙ…Ø±ÛŒÙ† Ú©Ù†Ù…. Ú†Ù‡ Ú©Ù„Ø§Ø³â€ŒÙ‡Ø§ÛŒÛŒ Ø¯Ø§Ø±ÛŒ",INQUIRY
255,"Ø³Ù„Ø§Ù…! Ù…Ù† Ø¨Ù‡ Ø¯Ù†Ø¨Ø§Ù„ Ø´Ø±Ú©Øª Ø¯Ø± ÛŒÚ©ÛŒ Ø§Ø² Ù¾Ø±ÙˆÚ˜Ù‡â€ŒÙ‡Ø§ÛŒ Ø´Ù…Ø§ Ù‡Ø³ØªÙ…. Ù„Ø·ÙØ§ Ù…Ø¯Ø§Ø±Ú© Ù…Ù†Ø§Ù‚ØµÙ‡ Ùˆ Ù…Ù‡Ù„Øª Ø±Ø§ Ø§Ø±Ø³Ø§Ù„ Ú©Ù†ÛŒØ¯. Ø®ÛŒÙ„ÛŒ Ø³Ø±ÛŒØ¹ Ø¨Ø§ÛŒØ¯ Ø¨Ø¯Ø§Ù†Ù…!! Ø®ÛŒÙ„ÛŒ Ù…Ù…Ù†ÙˆÙ†! Ø¨Ø§ Ø§Ø­ØªØ±Ø§Ù…, Ø§ÙˆÙ„ÛŒÙˆÛŒØ§.",SUPPLIER
256,"Ù‡ÛŒ! Ø´Ù…Ø§ Ù‡Ù…ÛŒÙ† Ø§Ù„Ø§Ù† $$ Ø±Ø§ÛŒÚ¯Ø§Ù† Ø¨Ø±Ù†Ø¯Ù‡ Ø´Ø¯ÛŒØ¯! ğŸ’¸ğŸ‰ Ù‡Ù…ÛŒÙ† Ø­Ø§Ù„Ø§ Ø§ÛŒÙ†Ø¬Ø§ Ú©Ù„ÛŒÚ© Ú©Ù†ÛŒØ¯ ØªØ§ Ù¾ÙˆÙ„ØªØ§Ù† Ø±Ø§ Ø¯Ø±ÛŒØ§ÙØª Ú©Ù†ÛŒØ¯!!! Ø³Ø±ÛŒØ¹ Ø¹Ù…Ù„ Ú©Ù†ÛŒØ¯ ÙˆÚ¯Ø±Ù†Ù‡ Ø§Ø² Ø¯Ø³ØªØªØ§Ù† Ù…ÛŒâ€ŒØ±ÙˆØ¯! Ù…Ù…Ù†ÙˆÙ†, Ø§Ø¯Ù…ÛŒÙ†",SPAM
257,"ÛµÛ¹. ""Ù‡ÛŒ!! Ù…Ù† Ù…Ø¯Ø§Ù… Ø³Ø¹ÛŒ Ù…ÛŒâ€ŒÚ©Ù†Ù… Ø§Ø·Ù„Ø§Ø¹Ø§Øª ØµÙˆØ±ØªØ­Ø³Ø§Ø¨Ù… Ø±Ø§ Ø¨Ù‡â€ŒØ±ÙˆØ²Ø±Ø³Ø§Ù†ÛŒ Ú©Ù†Ù…",SUPPORT
258,"Ø³Ù„Ø§Ù…! Ø¯Ø§Ø±Ù… Ø³ÙØ§Ø±Ø´Ù… Ø±Ùˆ Ú†Ú© Ù…ÛŒâ€ŒÚ©Ù†Ù…. Ù‚Ø±Ø§Ø± Ø¨ÙˆØ¯ Ù‡ÙØªÙ‡ Ù¾ÛŒØ´ Ø¨Ø±Ø³Ù‡ Ø§Ù…Ø§ Ù‡Ù†ÙˆØ² Ù†Ø±Ø³ÛŒØ¯Ù‡ ğŸ˜•. Ù„Ø·ÙØ§ Ø§Ø·Ù„Ø§Ø¹Ø§Øª Ø¨Ù‡â€ŒØ±ÙˆØ²Ø±Ø³Ø§Ù†ÛŒ ÛŒØ§ Ù¾ÛŒÚ¯ÛŒØ±ÛŒ Ø±Ùˆ Ø¨Ù‡Ù… Ø¨Ø¯ÛŒØ¯!! Ù…Ù…Ù†ÙˆÙ†! Ø¨Ø§ Ø§Ø­ØªØ±Ø§Ù…, Ø§Ù…Ø§.",INQUIRY
259,"Ù‡ÛŒ!! Ù…Ù† Ø³Ø¹ÛŒ Ú©Ø±Ø¯Ù… ÙˆØ§Ø±Ø¯ Ø³ÛŒØ³ØªÙ… Ø¨Ø´Ù… Ø§Ù…Ø§ Ø¯ÙˆØ¨Ø§Ø±Ù‡ Ù…ÛŒÚ¯Ù‡ Ø±Ù…Ø² Ø¹Ø¨ÙˆØ± Ø§Ø´ØªØ¨Ø§Ù‡Ù‡ ğŸ˜’ Ù…ÛŒØ´Ù‡ Ú©Ù…Ú©Ù… Ú©Ù†ÛŒ Ø¯Ø±Ø³ØªØ´ Ú©Ù†Ù… Ù„Ø·ÙØ§ØŸ Ø¨Ø§ÛŒØ¯ Ø²ÙˆØ¯ ÙˆØ§Ø±Ø¯ Ø¨Ø´Ù…. Ù…Ù…Ù†ÙˆÙ†! Ù…Ø±Ø³ÛŒ, Ù…Ø§Ø±Ú©.",SUPPORT
260,"Ø³Ù„Ø§Ù…! Ù…Ù† Ù…ÛŒâ€ŒØ®ÙˆØ§Ù‡Ù… ØªØ¹Ø¯Ø§Ø¯ Ø²ÛŒØ§Ø¯ÛŒ Ø§Ø² Ù…Ø­ØµÙˆÙ„Ø§Øª Ø´Ù…Ø§ Ø±Ø§ Ø¨Ø®Ø±Ù…, Ø§Ù…Ø§ Ù…ÛŒâ€ŒØ®ÙˆØ§Ù‡Ù… Ø¯Ø± Ù…ÙˆØ±Ø¯ ØªØ®ÙÛŒÙâ€ŒÙ‡Ø§, Ø²Ù…Ø§Ù† Ø§Ø±Ø³Ø§Ù„ Ùˆ Ù†Ø­ÙˆÙ‡ Ø³ÙØ§Ø±Ø´â€ŒÙ‡Ø§ÛŒ Ø¨Ø²Ø±Ú¯ Ø¨Ø¯Ø§Ù†Ù…ØŸ Ù„Ø·ÙØ§ Ø§Ø·Ù„Ø§Ø¹Ø§Øª Ø±Ø§ Ø²ÙˆØ¯ØªØ± Ø§Ø±Ø³Ø§Ù„ Ú©Ù†ÛŒØ¯! :) Ø¨Ø§ Ø§Ø­ØªØ±Ø§Ù…, Ù„ÛŒÙ„ÛŒ.",INQUIRY
261,"Ø³Ù„Ø§Ù…, Ù…Ù† Ø¯Ù†Ø¨Ø§Ù„ Ù„ÙˆØ§Ø²Ù…ÛŒ Ù…Ø«Ù„ ÙÙˆÙ„Ø§Ø¯ ÛŒØ§ Ø¢Ù„ÙˆÙ…ÛŒÙ†ÛŒÙˆÙ… Ù‡Ø³ØªÙ…. Ù…ÛŒØ´Ù‡ Ø¨Ù‡Ù… Ø¨Ú¯ÛŒ Ú†Ø·ÙˆØ± Ù…ÛŒØªÙˆÙ†Ù… ÙØ±ÙˆØ´Ù†Ø¯Ù‡â€ŒÛŒ Ù…Ø§ Ø¨Ø´Ù… Ùˆ Ø§Ú¯Ù‡ Ù…ÛŒØ´Ù‡ Ù†Ù…ÙˆÙ†Ù‡ Ø¨ÙØ±Ø³ØªÙ…ØŸ Ù…Ù…Ù†ÙˆÙ†! Ø¨Ø±Ø§Øª Ø¢Ø±Ø²ÙˆÛŒ Ù…ÙˆÙÙ‚ÛŒØª Ù…ÛŒâ€ŒÚ©Ù†Ù…, Ú©ÙˆÛŒÙ†."" ""SUPPLIER",
262,"ÙˆØ§ÛŒ! Ø´Ù…Ø§ Ù‡Ù…ÛŒÙ† Ø§Ù„Ø§Ù† ÛŒÚ© Ø³ÙØ± Ø±Ø§ÛŒÚ¯Ø§Ù† Ø¨Ù‡ Ø¨Ø§Ù‡Ø§Ù…Ø§ Ø¨Ø±Ù†Ø¯Ù‡ Ø´Ø¯ÛŒØ¯! ğŸŒ´âœˆï¸ Ù‡Ù…ÛŒÙ† Ø­Ø§Ù„Ø§ Ø§ÛŒÙ†Ø¬Ø§ Ú©Ù„ÛŒÚ© Ú©Ù†ÛŒØ¯ ØªØ§ Ø¬Ø§ÛŒØ²Ù‡ Ø®ÙˆØ¯ Ø±Ø§ Ø¯Ø±ÛŒØ§ÙØª Ú©Ù†ÛŒØ¯ ğŸš€ ÙÙ‚Ø· Ø¨Ø±Ø§ÛŒ Ù…Ø¯Øª Ù…Ø­Ø¯ÙˆØ¯! Ù…Ù…Ù†ÙˆÙ†, Ø§Ø¯Ù…ÛŒÙ†",SPAM
263,"Ù‡ÛŒ! Ø¯ÙˆØ¨Ø§Ø±Ù‡ Ø±Ù…Ø² Ø¹Ø¨ÙˆØ±Ù… Ø±Ø§ ÙØ±Ø§Ù…ÙˆØ´ Ú©Ø±Ø¯Ù… ğŸ™„ Ù…ÛŒØ´Ù‡ Ù„Ø·ÙØ§ Ù…Ø±Ø§Ø­Ù„ Ø¨Ø§Ø²Ù†Ø´Ø§Ù†ÛŒ Ø±Ø§ Ø¨Ø±Ø§ÛŒ Ù…Ù† Ø§ÛŒÙ…ÛŒÙ„ Ú©Ù†ÛŒØŸ Ø¨Ø§ÛŒØ¯ Ø³Ø±ÛŒØ¹ ÙˆØ§Ø±Ø¯ Ø­Ø³Ø§Ø¨Ù… Ø¨Ø´Ù…! Ø®ÛŒÙ„ÛŒ Ù…Ù…Ù†ÙˆÙ†! Ù…ÙˆÙÙ‚ Ø¨Ø§Ø´ÛŒ, Ø±ÛŒÚ†Ù„.",SUPPORT
264,"Ù‡ÛŒ! Ù…Ø§ Ù…ÛŒâ€ŒØ®ÙˆØ§Ù‡ÛŒÙ… Ø¨Ø±Ø§ÛŒ Ø®Ø¯Ù…Ù‡â€ŒÙ…Ø§Ù† Ø¢Ù…ÙˆØ²Ø´ Ú©Ø§Ø±Ú¯Ø§Ù‡ÛŒ Ø¨Ø±Ú¯Ø²Ø§Ø± Ú©Ù†ÛŒÙ…. Ú†Ù‡ Ù†ÙˆØ¹ Ø¯ÙˆØ±Ù‡â€ŒÙ‡Ø§ÛŒÛŒ, Ø¨Ø§ Ú†Ù‡ Ù‚ÛŒÙ…ØªÛŒ Ùˆ Ú†Ù‡ Ø¨Ø±Ù†Ø§Ù…Ù‡â€ŒØ§ÛŒØŸ Ø³Ø±ÛŒØ¹ Ø¨Ù‡ Ù…Ù† Ø²Ù†Ú¯ Ø¨Ø²Ù†! Ø®ÛŒÙ„ÛŒ Ù…Ù…Ù†ÙˆÙ†! Ù…ÙˆÙÙ‚ Ø¨Ø§Ø´ÛŒ, Ø¬ÛŒØ³ÙˆÙ†.""INQUIRY
ÛµÛ·, ""Ø³Ù„Ø§Ù…! Ø¹Ù„Ø§Ù‚Ù‡â€ŒÙ…Ù†Ø¯ Ø¨Ù‡ Ø´Ø±Ú©Øª Ø¯Ø± Ù…Ù†Ø§Ù‚ØµÙ‡ Ù¾Ø±ÙˆÚ˜Ù‡ Ø´Ù…Ø§ Ù‡Ø³ØªÙ…. Ù„Ø·ÙØ§Ù‹ Ø§Ø³Ù†Ø§Ø¯ Ù…Ù†Ø§Ù‚ØµÙ‡, Ù…Ù‡Ù„Øª Ùˆ Ù†ÙˆØ¹ Ù¾ÛŒØ´Ù†Ù‡Ø§Ø¯Ù‡Ø§ÛŒ Ù…ÙˆØ±Ø¯ Ù†Ø¸Ø± Ø®ÙˆØ¯ Ø±Ø§ Ø§Ø±Ø³Ø§Ù„ Ú©Ù†ÛŒØ¯. Ø¨Ø§ÛŒØ¯ Ø²ÙˆØ¯ØªØ± Ø´Ø±ÙˆØ¹ Ú©Ù†ÛŒÙ…! ğŸ˜Š Ù…Ù…Ù†ÙˆÙ†, Ø§ÙˆÙ„ÛŒÙˆÛŒØ§.",SUPPLIER
265,"Ù‡ÛŒ!! Ø´Ù…Ø§ Ù‡Ù…ÛŒÙ† Ø§Ù„Ø§Ù† Ù¾ÙˆÙ„ Ø±Ø§ÛŒÚ¯Ø§Ù† Ø¨Ø±Ù†Ø¯Ù‡ Ø´Ø¯ÛŒØ¯ ğŸ’¸âœ¨ Ù‡Ù…ÛŒÙ† Ø­Ø§Ù„Ø§ Ú©Ù„ÛŒÚ© Ú©Ù†ÛŒØ¯ ØªØ§ Ø¬Ø§ÛŒØ²Ù‡ Ù†Ù‚Ø¯ÛŒ Ø®ÙˆØ¯ Ø±Ø§ Ø¯Ø±ÛŒØ§ÙØª Ú©Ù†ÛŒØ¯ ğŸ‰ğŸ†!! Ø§Ø² Ø¯Ø³Øª Ù†Ø¯Ù‡ÛŒØ¯! Ø¹Ø¬Ù„Ù‡ Ú©Ù†ÛŒØ¯! Ø¯Ù…Øª Ú¯Ø±Ù…, Ø¯ÛŒÙˆ",SPAM
266,"Ù‡ÛŒ!! Ù…Ù† Ø¨Ø±Ø§ÛŒ Ø§Ø·Ù„Ø§Ø¹Ø§Øª ØµÙˆØ±ØªØ­Ø³Ø§Ø¨Ù… Ø¨Ù‡ Ú©Ù…Ú©Øª Ù†ÛŒØ§Ø² Ø¯Ø§Ø±Ù…. ÙˆÙ‚ØªÛŒ Ø³Ø¹ÛŒ Ù…ÛŒâ€ŒÚ©Ù†Ù… Ø¨Ù‡â€ŒØ±ÙˆØ²Ø±Ø³Ø§Ù†ÛŒØ´ Ú©Ù†Ù…, Ù…Ø¯Ø§Ù… Ø®Ø·Ø§ Ù…ÛŒâ€ŒØ¯Ù‡ ğŸ™„ Ù…ÛŒâ€ŒØªÙˆÙ†ÛŒ Ø¯Ø³ØªÛŒ Ø§Ù†Ø¬Ø§Ù…Ø´ Ø¨Ø¯ÛŒØŸ Ø®ÛŒÙ„ÛŒ Ù…Ù…Ù†ÙˆÙ†! Ø¨Ø±Ø§Øª Ø¢Ø±Ø²ÙˆÛŒ Ù…ÙˆÙÙ‚ÛŒØª Ù…ÛŒâ€ŒÚ©Ù†Ù…, Ø¢Ù†Ø§.",SUPPORT
267,"Ø³Ù„Ø§Ù…!! Ø¯Ø§Ø±Ù… Ø¢Ø®Ø±ÛŒÙ† Ø³ÙØ§Ø±Ø´Ù… Ø±Ùˆ Ú†Ú© Ù…ÛŒâ€ŒÚ©Ù†Ù…, Ù‚Ø±Ø§Ø± Ø¨ÙˆØ¯ Ù‡ÙØªÙ‡ Ù¾ÛŒØ´ Ø¨Ø±Ø³Ù‡ Ø§Ù…Ø§ Ù‡Ù†ÙˆØ² Ù†Ø±Ø³ÛŒØ¯Ù‡ ğŸ˜•. Ù…ÛŒâ€ŒØªÙˆÙ†ÛŒ Ø§Ø·Ù„Ø§Ø¹Ø§Øª Ø±Ù‡Ú¯ÛŒØ±ÛŒ Ø±Ùˆ Ø¨Ø±Ø§Ù… Ø¨ÙØ±Ø³ØªÛŒØŸ Ø®ÛŒÙ„ÛŒ Ù…Ù…Ù†ÙˆÙ†! Ø¨Ù‡ Ø³Ù„Ø§Ù…ØªÛŒ Ù…Ø§ÛŒÚ©.",INQUIRY
268,"Ù‡ÛŒ!!! ğŸ‰ Ø¯Ù†Ø¨Ø§Ù„ Ù¾ÛŒØ´Ù†Ù‡Ø§Ø¯Ù‡Ø§ÛŒ Ø´Ú¯ÙØªâ€ŒØ§Ù†Ú¯ÛŒØ² Ù‡Ø³ØªÛŒØ¯ØŸ Ù‡Ù…ÛŒÙ† Ø­Ø§Ù„Ø§ ÛµÛ°Ùª ØªØ®ÙÛŒÙ Ø±ÙˆÛŒ Ù‡Ù…Ù‡ Ù…Ø­ØµÙˆÙ„Ø§Øª Ø¨Ú¯ÛŒØ±ÛŒØ¯! Ù¾ÛŒØ´Ù†Ù‡Ø§Ø¯ ÙˆÛŒÚ˜Ù‡ Ø¨Ø§ Ù…Ø¯Øª Ù…Ø­Ø¯ÙˆØ¯! Ø¨Ø±Ø§ÛŒ Ø®Ø±ÛŒØ¯ Ù„ÙˆØ§Ø²Ù… Ø§Ù„Ú©ØªØ±ÙˆÙ†ÛŒÚ©ÛŒ, Ù…Ø¯ Ùˆ Ù…ÙˆØ§Ø±Ø¯ Ø¯ÛŒÚ¯Ø± Ø§Ø±Ø²Ø§Ù† Ø§ÛŒÙ†Ø¬Ø§ Ú©Ù„ÛŒÚ© Ú©Ù†ÛŒØ¯! Ø§Ø² Ø¯Ø³Øª Ù†Ø¯Ù‡ÛŒØ¯! ğŸ”¥ğŸ”¥ Ø¨Ø§ Ø¢Ø±Ø²ÙˆÛŒ Ù…ÙˆÙÙ‚ÛŒØª, DiscountKing",SPAM
269,"Ù‡Ø´Ø¯Ø§Ø± Ø­Ø±Ø§Ø¬ Ø¨Ø²Ø±Ú¯! ğŸ›ï¸ Ø¨Ø§ Ø®Ø±ÛŒØ¯ Û± Ø¹Ø¯Ø¯, Û² Ø¹Ø¯Ø¯ Ø±Ø§ÛŒÚ¯Ø§Ù† Ø§Ø² Ø¨ÛŒÙ† Ø§Ù‚Ù„Ø§Ù… Ù…Ù†ØªØ®Ø¨ Ø¯Ø±ÛŒØ§ÙØª Ú©Ù†ÛŒØ¯! Ø§Ù…Ø±ÙˆØ² Ø®Ø±ÛŒØ¯ Ú©Ù†ÛŒØ¯ Ùˆ Ú©Ù„ÛŒ ØµØ±ÙÙ‡â€ŒØ¬ÙˆÛŒÛŒ Ú©Ù†ÛŒØ¯! Ø¨Ø¯ÙˆÙ† Ù‡ÛŒÚ† Ø³ÙˆØ§Ù„ÛŒ! Ø¹Ø¬Ù„Ù‡ Ú©Ù†ÛŒØ¯ Ù‚Ø¨Ù„ Ø§Ø² Ø§ÛŒÙ†Ú©Ù‡ Ù…ÙˆØ¬ÙˆØ¯ÛŒ ØªÙ…Ø§Ù… Ø´ÙˆØ¯! âœ¨âœ¨ Ø¨Ø§ Ø§Ø­ØªØ±Ø§Ù…, CheapDeals",SPAM
270,"ØªØ¨Ø±ÛŒÚ©! ğŸ‰ Ø´Ù…Ø§ ÙˆØ§Ø¬Ø¯ Ø´Ø±Ø§ÛŒØ· Ø¯Ø±ÛŒØ§ÙØª Ù†Ø³Ø®Ù‡ Ø¢Ø²Ù…Ø§ÛŒØ´ÛŒ Ø±Ø§ÛŒÚ¯Ø§Ù† Ø§Ø² Ø®Ø¯Ù…Ø§Øª Ù¾Ø±ÛŒÙ…ÛŒÙˆÙ… Ù…Ø§ Ù‡Ø³ØªÛŒØ¯! ÙÙ‚Ø· Ø±ÙˆÛŒ Ù„ÛŒÙ†Ú© Ú©Ù„ÛŒÚ© Ú©Ù†ÛŒØ¯ Ùˆ Ø¯Ø± Ø¹Ø±Ø¶ Ú†Ù†Ø¯ Ø«Ø§Ù†ÛŒÙ‡ Ø«Ø¨Øª Ù†Ø§Ù… Ú©Ù†ÛŒØ¯! Ø¨Ø±Ø§ÛŒ Ù…Ø²Ø§ÛŒØ§ÛŒ ÙˆÛŒÚ˜Ù‡ Ø³Ø±ÛŒØ¹ Ø§Ù‚Ø¯Ø§Ù… Ú©Ù†ÛŒØ¯! ğŸš€ Ø¨Ø§ Ø¢Ø±Ø²ÙˆÛŒ Ù…ÙˆÙÙ‚ÛŒØª, ØªÛŒÙ… FreeTrial",SPAM
271,"ğŸ”¥ Ù¾ÛŒØ´Ù†Ù‡Ø§Ø¯ ÙˆÛŒÚ˜Ù‡! Ø¨Ø§ Ø±ÙˆØ´ Ù…Ø®ÙÛŒ Ù…Ø§ Ø³Ø±ÛŒØ¹ Ù¾ÙˆÙ„Ø¯Ø§Ø± Ø´ÙˆÛŒØ¯! Ø¨Ø¯ÙˆÙ† Ù†ÛŒØ§Ø² Ø¨Ù‡ ØªØ¬Ø±Ø¨Ù‡! Ø¨Ù‡ Ø¬Ù…Ø¹ Ù‡Ø²Ø§Ø±Ø§Ù† Ù†ÙØ±ÛŒ Ø¨Ù¾ÛŒÙˆÙ†Ø¯ÛŒØ¯ Ú©Ù‡ Ø¨Ù‡ Ø±Ø§Ø­ØªÛŒ $$$ Ú©Ø³Ø¨ Ù…ÛŒâ€ŒÚ©Ù†Ù†Ø¯! Ø¸Ø±ÙÛŒØª Ù…Ø­Ø¯ÙˆØ¯! Ù‡Ù…ÛŒÙ† Ø­Ø§Ù„Ø§ Ú©Ù„ÛŒÚ© Ú©Ù†ÛŒØ¯! ğŸ’°ğŸ’° Ø¨Ø§ Ø¢Ø±Ø²ÙˆÛŒ Ù…ÙˆÙÙ‚ÛŒØª, Ù…Ø§Ù†ÛŒ Ù…Ú¯Ù†Øª",SPAM
272,"Ø²Ù…Ø§Ù† Ù…Ø­Ø¯ÙˆØ¯! ğŸ•’ ØªØ®ÙÛŒÙâ€ŒÙ‡Ø§ÛŒ Ø¨Ø²Ø±Ú¯ Ø±ÙˆÛŒ Ù‚Ø±Øµâ€ŒÙ‡Ø§ÛŒ Ù„Ø§ØºØ±ÛŒ, Ú©Ø±Ù…â€ŒÙ‡Ø§ÛŒ Ù…Ø¹Ø¬Ø²Ù‡â€ŒØ¢Ø³Ø§ Ùˆ Ù…Ú©Ù…Ù„â€ŒÙ‡Ø§ÛŒ Ø³Ù„Ø§Ù…ØªÛŒ Ø±Ø§ Ø¢Ø²Ø§Ø¯ Ú©Ù†ÛŒØ¯! Ù‡Ù…ÛŒÙ† Ø§Ù…Ø±ÙˆØ² Ø¨Ù‡ Ø§Ù†Ø¯Ø§Ù… Ø±ÙˆÛŒØ§ÛŒÛŒ Ø®ÙˆØ¯ Ø¨Ø±Ø³ÛŒØ¯! Ù…Ù†ØªØ¸Ø± Ù†Ù…Ø§Ù†ÛŒØ¯! ğŸ’ªâœ¨ Ø¨Ø§ Ø§Ø­ØªØ±Ø§Ù…, Ø§Ø³Ù„ÛŒÙ… ÙØ³Øª",SPAM
273,"Ù‡ÛŒ!!! ğŸš€ Ú©Ø³Ø¨ Ùˆ Ú©Ø§Ø± Ø®ÙˆØ¯ Ø±Ø§ Ø¨Ø§ Ø§Ø³ØªØ±Ø§ØªÚ˜ÛŒâ€ŒÙ‡Ø§ÛŒ Ø¨Ø§Ø²Ø§Ø±ÛŒØ§Ø¨ÛŒ Ø§Ø«Ø¨Ø§Øª Ø´Ø¯Ù‡ Ù…Ø§ Ø±ÙˆÙ†Ù‚ Ø¯Ù‡ÛŒØ¯! Ù‡Ù…ÛŒÙ† Ø­Ø§Ù„Ø§ Ø¨Ø±Ø§ÛŒ Ù…Ø´Ø§ÙˆØ±Ù‡ Ø±Ø§ÛŒÚ¯Ø§Ù† Ø«Ø¨Øª Ù†Ø§Ù… Ú©Ù†ÛŒØ¯! Ø¸Ø±ÙÛŒØª Ù…Ø­Ø¯ÙˆØ¯ Ù…ÙˆØ¬ÙˆØ¯ Ø§Ø³Øª! Ù‡Ù…ÛŒÙ† Ø­Ø§Ù„Ø§ Ø§Ù‚Ø¯Ø§Ù… Ú©Ù†ÛŒØ¯! ğŸ“ˆ Ø¨Ø§ Ø¢Ø±Ø²ÙˆÛŒ Ù…ÙˆÙÙ‚ÛŒØª, MarketMaster",SPAM
274,"Ù‡Ø´Ø¯Ø§Ø±! ğŸŠ Ø§ÛŒÙ…ÛŒÙ„ Ø´Ù…Ø§ Ù‡Ú© Ø´Ø¯Ù‡ Ø§Ø³ØªØŸ Ù…Ø´Ú©Ù„ÛŒ Ù†ÛŒØ³Øª! Ø§Ú©Ù†ÙˆÙ† Ø¨Ø§ Ø±Ø§Ù‡ Ø­Ù„ Ø¢Ø³Ø§Ù† Ùˆ Ø¨Ø¯ÙˆÙ† Ø³ÙˆØ§Ù„ Ù…Ø§, Ø­Ø³Ø§Ø¨ Ø®ÙˆØ¯ Ø±Ø§ Ø¨Ø§Ø² Ú©Ù†ÛŒØ¯! Ø¯Ø³ØªØ±Ø³ÛŒ ÙÙˆØ±ÛŒ! Ø§ÛŒÙ†Ø¬Ø§ Ú©Ù„ÛŒÚ© Ú©Ù†ÛŒØ¯! ğŸ”“ğŸ”¥ Ø¨Ø§ Ø§Ø­ØªØ±Ø§Ù…, HackPro",SPAM
275,"ÙˆØ§ÛŒ! ğŸ Ø¨Ù„ÛŒØ· Ø¨Ø®Øªâ€ŒØ¢Ø²Ù…Ø§ÛŒÛŒ Ø±Ø§ÛŒÚ¯Ø§Ù† Ø®ÙˆØ¯ Ø±Ø§ Ø¯Ø±ÛŒØ§ÙØª Ú©Ù†ÛŒØ¯! Ù¾ÙˆÙ„ Ø²ÛŒØ§Ø¯ÛŒ, Ù…Ø§Ø´ÛŒÙ† ÛŒØ§ Ø­ØªÛŒ Ø®Ø§Ù†Ù‡ Ø¨Ø±Ù†Ø¯Ù‡ Ø´ÙˆÛŒØ¯! Ø¨Ù„ÛŒØ·â€ŒÙ‡Ø§ÛŒ Ù…Ø­Ø¯ÙˆØ¯ÛŒ Ø¯Ø± Ø­Ø§Ù„ Ø­Ø§Ø¶Ø± Ù…ÙˆØ¬ÙˆØ¯ Ø§Ø³Øª! Ø´Ø§Ù†Ø³ Ø®ÙˆØ¯ Ø±Ø§ Ø§Ø² Ø¯Ø³Øª Ù†Ø¯Ù‡ÛŒØ¯! ğŸ’¸ğŸš—ğŸ¡ Ø¨Ù‡ Ø³Ù„Ø§Ù…ØªÛŒ, Ø¨Ø±Ù†Ø¯Ù‡ Ø®ÙˆØ´â€ŒØ´Ø§Ù†Ø³",SPAM
276,"Ù¾ÛŒØ´Ù†Ù‡Ø§Ø¯ ÙˆÛŒÚ˜Ù‡! ğŸŒŸ Ø¨Ø§ Ø·Ø±Ø­ Ø¬Ø§Ø¯ÙˆÛŒÛŒ Ø³Ø±ÛŒØ¹ Ù…Ø§, Ø¯Ø±Ø¢Ù…Ø¯ Ø®ÙˆØ¯ Ø±Ø§ Ø§ÙØ²Ø§ÛŒØ´ Ø¯Ù‡ÛŒØ¯! Ø¨Ø¯ÙˆÙ† Ù‡Ø²ÛŒÙ†Ù‡ Ø§ÙˆÙ„ÛŒÙ‡! Ù‡Ù…ÛŒÙ† Ø­Ø§Ù„Ø§ Ø¹Ø¶Ùˆ Ø´ÙˆÛŒØ¯ Ùˆ ÙÙˆØ±Ø§Ù‹ Ø´Ø±ÙˆØ¹ Ø¨Ù‡ Ú©Ø³Ø¨ Ø¯Ø±Ø¢Ù…Ø¯ Ú©Ù†ÛŒØ¯! Ø¸Ø±ÙÛŒØª Ù…Ø­Ø¯ÙˆØ¯! ğŸ’µâœ¨ Ø¨Ø§ Ø§Ø­ØªØ±Ø§Ù…, WealthGenerator",SPAM
277,"Ø±Ø§Ø² Ø¬ÙˆØ§Ù†ÛŒ Ø§Ø¨Ø¯ÛŒ Ø±Ø§ Ú©Ø´Ù Ú©Ù†ÛŒØ¯! ğŸŒº Ú©Ø±Ù…â€ŒÙ‡Ø§ÛŒ Ù…Ø¹Ø¬Ø²Ù‡â€ŒØ¢Ø³Ø§ Ùˆ Ù‚Ø±Øµâ€ŒÙ‡Ø§ÛŒ Ø¶Ø¯ Ù¾ÛŒØ±ÛŒ Ù…Ø§ Ø±Ø§ Ø¨Ø®Ø±ÛŒØ¯ Ùˆ ÛŒÚ© Ø´Ø¨Ù‡ Û±Û° Ø³Ø§Ù„ Ø¬ÙˆØ§Ù†â€ŒØªØ± Ø´ÙˆÛŒØ¯! ØªØ®ÙÛŒÙ ÙˆÛŒÚ˜Ù‡ Ø¨Ø±Ø§ÛŒ Ø®Ø±ÛŒØ¯Ø§Ø±Ø§Ù† Ø§ÙˆÙ„ÛŒÙ‡! Ø³Ø±ÛŒØ¹ Ø§Ù‚Ø¯Ø§Ù… Ú©Ù†ÛŒØ¯! ğŸ’– Ø¨Ø§ Ø¢Ø±Ø²ÙˆÛŒ Ù…ÙˆÙÙ‚ÛŒØª, YouthForever",SPAM
278,"ØªØ¨Ø±ÛŒÚ© Ù…ÛŒâ€ŒÚ¯ÙˆÛŒÙ…! ğŸ‰ Ø¨Ù‡ØªØ±ÛŒÙ† Ù…Ø¹Ø§Ù…Ù„Ø§Øª Ø±Ø§ Ø¯Ø± Ù…ÙˆØ±Ø¯ Ù…Ú©Ù…Ù„â€ŒÙ‡Ø§ÛŒ Ù„Ø§ØºØ±ÛŒ Ø¯Ø±ÛŒØ§ÙØª Ú©Ù†ÛŒØ¯, Ø¨Ø¯ÙˆÙ† Ù‡ÛŒÚ† ØªÙ„Ø§Ø´ÛŒ Ø³Ø±ÛŒØ¹ ÙˆØ²Ù† Ú©Ù… Ú©Ù†ÛŒØ¯! Ù¾ÛŒØ´Ù†Ù‡Ø§Ø¯ Ù…Ø­Ø¯ÙˆØ¯, Ù‡Ù…ÛŒÙ† Ø­Ø§Ù„Ø§ Ø®Ø±ÛŒØ¯ Ú©Ù†ÛŒØ¯ Ùˆ ÛµÛ°Ùª ØªØ®ÙÛŒÙ Ø¨Ú¯ÛŒØ±ÛŒØ¯ ğŸ¯ Ø§Ø² Ø¯Ø³Øª Ù†Ø¯Ù‡ÛŒØ¯! Ù‡Ù…ÛŒÙ† Ø§Ù…Ø±ÙˆØ² Ø®Ø±ÛŒØ¯ Ú©Ù†ÛŒØ¯!",SPAM
279,"Ù…Ø¹Ø§Ù…Ù„Ù‡ Ø¯Ø§Øº! ğŸ”¥ ÙÙ‚Ø· Ø¨Ø§ Ûµ.Û¹Û¹ Ø¯Ù„Ø§Ø± Ø¯Ø± Ù…Ø§Ù‡, Ø¯Ø³ØªØ±Ø³ÛŒ Ù†Ø§Ù…Ø­Ø¯ÙˆØ¯ Ø¨Ù‡ ÙÛŒÙ„Ù…â€ŒÙ‡Ø§ Ùˆ Ø¨Ø±Ù†Ø§Ù…Ù‡â€ŒÙ‡Ø§ÛŒ ØªÙ„ÙˆÛŒØ²ÛŒÙˆÙ†ÛŒ Ù¾Ø±ÛŒÙ…ÛŒÙˆÙ… Ø±Ø§ Ø¢Ø²Ø§Ø¯ Ú©Ù†ÛŒØ¯. Ø¨Ø¯ÙˆÙ† Ù‡Ø²ÛŒÙ†Ù‡ Ù¾Ù†Ù‡Ø§Ù†, Ù‡Ø± Ø²Ù…Ø§Ù† Ú©Ù‡ Ø®ÙˆØ§Ø³ØªÛŒØ¯ Ù„ØºÙˆ Ú©Ù†ÛŒØ¯! Ù‡Ù…ÛŒÙ† Ø­Ø§Ù„Ø§ Ù…Ø´ØªØ±Ú© Ø´ÙˆÛŒØ¯ Ùˆ Ø§Ø² Ø³Ø±Ú¯Ø±Ù…ÛŒ Ø¨ÛŒâ€ŒÙ¾Ø§ÛŒØ§Ù† Ù„Ø°Øª Ø¨Ø¨Ø±ÛŒØ¯!",SPAM
280,"Ù¾ÛŒØ´Ù†Ù‡Ø§Ø¯ ÙˆÛŒÚ˜Ù‡! ğŸ ÙÙˆØ±Ø§Ù‹ Û±Û°Û°Û° ÙØ§Ù„ÙˆÙˆØ± Ø§ÛŒÙ†Ø³ØªØ§Ú¯Ø±Ø§Ù… Ø±Ø§ÛŒÚ¯Ø§Ù† Ø¯Ø±ÛŒØ§ÙØª Ú©Ù†ÛŒØ¯! Ù‡Ù…ÛŒÙ† Ø§Ù…Ø±ÙˆØ² Ù¾Ø±ÙˆÙØ§ÛŒÙ„ Ø§Ø¬ØªÙ…Ø§Ø¹ÛŒ Ø®ÙˆØ¯ Ø±Ø§ ØªÙ‚ÙˆÛŒØª Ú©Ù†ÛŒØ¯. Ø¨Ø¯ÙˆÙ† Ù‡ÛŒÚ† ØªØ±ÙÙ†Ø¯ÛŒ, ÙÙ‚Ø· Ø¨Ø±Ø§ÛŒ Ø´Ø±ÙˆØ¹ Ø§ÛŒÙ†Ø¬Ø§ Ú©Ù„ÛŒÚ© Ú©Ù†ÛŒØ¯. ØªØ¹Ø¯Ø§Ø¯ Ù…Ø­Ø¯ÙˆØ¯ÛŒ! ",SPAM
281,Ø­Ø±Ø§Ø¬ Ø´Ú¯ÙØªâ€ŒØ§Ù†Ú¯ÛŒØ²! ğŸ›ï¸ Ù„Ø¨Ø§Ø³â€ŒÙ‡Ø§ÛŒ Ø·Ø±Ø§Ø­Ø§Ù† Ø±Ø§ ØªØ§ Û·Û°Ùª ØªØ®ÙÛŒÙ Ø¨Ú¯ÛŒØ±ÛŒØ¯. Ø§Ø±Ø³Ø§Ù„ Ø±Ø§ÛŒÚ¯Ø§Ù† Ø¨Ø±Ø§ÛŒ Ù‡Ù…Ù‡ Ø³ÙØ§Ø±Ø´â€ŒÙ‡Ø§! Ù‡Ù…ÛŒÙ† Ø­Ø§Ù„Ø§ Ù‚Ø¨Ù„ Ø§Ø² Ø§ØªÙ…Ø§Ù… Ù…ÙˆØ¬ÙˆØ¯ÛŒ Ø®Ø±ÛŒØ¯ Ú©Ù†ÛŒØ¯! Ø¨Ù‡ØªØ±ÛŒÙ† Ù…Ø¹Ø§Ù…Ù„Ø§Øª ÙÙ‚Ø· Ø§Ù…Ø±ÙˆØ²!,SPAM
282,Ù…ÛŒâ€ŒØ®ÙˆØ§Ù‡ÛŒØ¯ Ø³Ø±ÛŒØ¹ Ù¾ÙˆÙ„Ø¯Ø§Ø± Ø´ÙˆÛŒØ¯ØŸ ğŸ’° Ù‡Ù…ÛŒÙ† Ø­Ø§Ù„Ø§ Ø¨Ù‡ Ø¨Ø±Ù†Ø§Ù…Ù‡ Ø§Ø³Ø±Ø§Ø± Ù…ÛŒÙ„ÛŒÙˆÙ†Ø± Ø´Ø¯Ù† Ù…Ø§ Ø¨Ù¾ÛŒÙˆÙ†Ø¯ÛŒØ¯! Ù†ÛŒØ§Ø²ÛŒ Ø¨Ù‡ ØªØ¬Ø±Ø¨Ù‡ Ù†ÛŒØ³Øª. Ù‡Ù…ÛŒÙ† Ø§Ù…Ø±ÙˆØ² Ø´Ø±ÙˆØ¹ Ø¨Ù‡ Ú©Ø³Ø¨ Ø¯Ø±Ø¢Ù…Ø¯ Ú©Ù†ÛŒØ¯! Ø¨Ø±Ø§ÛŒ Ú©Ø³Ø¨ Ø§Ø·Ù„Ø§Ø¹Ø§Øª Ø¨ÛŒØ´ØªØ± Ø§ÛŒÙ†Ø¬Ø§ Ú©Ù„ÛŒÚ© Ú©Ù†ÛŒØ¯.ğŸ”¥,SPAM
283,Ø³Ø±ÛŒØ¹ Ù¾ÙˆÙ„Ø¯Ø§Ø± Ø´ÙˆÛŒØ¯! ğŸš€ Ø·Ø±Ø­â€ŒÙ‡Ø§ÛŒ Ø³Ø±Ù…Ø§ÛŒÙ‡â€ŒÚ¯Ø°Ø§Ø±ÛŒ Ù…Ø®ÙÛŒ Ø±Ø§ Ú©Ø´Ù Ú©Ù†ÛŒØ¯ Ú©Ù‡ Ø¨Ø§Ø²Ø¯Ù‡ Ø¹Ø¸ÛŒÙ…ÛŒ Ø±Ø§ ØªØ¶Ù…ÛŒÙ† Ù…ÛŒâ€ŒÚ©Ù†Ù†Ø¯. Ø¨Ø¯ÙˆÙ† Ø±ÛŒØ³Ú©! Ù‡Ù…ÛŒÙ† Ø­Ø§Ù„Ø§ Ø§Ù‚Ø¯Ø§Ù… Ú©Ù†ÛŒØ¯ Ùˆ Ø¢ÛŒÙ†Ø¯Ù‡ Ø®ÙˆØ¯ Ø±Ø§ ØªØ¶Ù…ÛŒÙ† Ú©Ù†ÛŒØ¯!,SPAM
284,Ø¨Ù‡ Ø±Ø§Ø­ØªÛŒ ÙˆØ²Ù† Ú©Ù… Ú©Ù†ÛŒØ¯! ğŸŒŸ Ù‚Ø±Øµâ€ŒÙ‡Ø§ÛŒ Ù„Ø§ØºØ±ÛŒ Ù…Ø¹Ø¬Ø²Ù‡â€ŒØ¢Ø³Ø§ÛŒ Ù…Ø§ Ø±Ø§ Ù‡Ù…ÛŒÙ† Ø§Ù…Ø±ÙˆØ² Ø§Ù…ØªØ­Ø§Ù† Ú©Ù†ÛŒØ¯. ÙÙ‚Ø· Ø¯Ø± Û· Ø±ÙˆØ² Ù†ØªÛŒØ¬Ù‡ Ù…ÛŒâ€ŒØ¯Ù‡Ø¯. Ù…ÙˆØ¬ÙˆØ¯ÛŒ Ù…Ø­Ø¯ÙˆØ¯! Ù‡Ù…ÛŒÙ† Ø­Ø§Ù„Ø§ Ø³ÙØ§Ø±Ø´ Ø¯Ù‡ÛŒØ¯ Ùˆ Ø§Ù†Ø¯Ø§Ù… Ø®ÙˆØ¯ Ø±Ø§ Ù…ØªØ­ÙˆÙ„ Ú©Ù†ÛŒØ¯!,SPAM
285,"Ù¾ÛŒØ´Ù†Ù‡Ø§Ø¯ ÙˆÛŒÚ˜Ù‡! ğŸ‰ Ù‡Ù…ÛŒÙ† Ø­Ø§Ù„Ø§ Ø§Ù¾Ù„ÛŒÚ©ÛŒØ´Ù† Ù…Ø§ Ø±Ø§ Ø¯Ø§Ù†Ù„ÙˆØ¯ Ú©Ù†ÛŒØ¯ Ùˆ Ù‡Ø¯Ø§ÛŒØ§, ØªØ®ÙÛŒÙâ€ŒÙ‡Ø§ Ùˆ Ú©ÙˆÙ¾Ù†â€ŒÙ‡Ø§ÛŒ Ø±Ø§ÛŒÚ¯Ø§Ù† Ø¯Ø±ÛŒØ§ÙØª Ú©Ù†ÛŒØ¯. ÙÙ‚Ø· Ø¨Ø±Ø§ÛŒ Ù…Ø¯Øª Ù…Ø­Ø¯ÙˆØ¯! Ø¨Ù‡ Ù…ÛŒÙ„ÛŒÙˆÙ†â€ŒÙ‡Ø§ Ú©Ø§Ø±Ø¨Ø± Ø±Ø§Ø¶ÛŒ Ø¨Ù¾ÛŒÙˆÙ†Ø¯ÛŒØ¯!",SPAM
286,"Ù‚Ø¯Ø±Øª Ù…ØºØ² Ø®ÙˆØ¯ Ø±Ø§ Ø§ÙØ²Ø§ÛŒØ´ Ø¯Ù‡ÛŒØ¯! ğŸ§  Ù…Ú©Ù…Ù„â€ŒÙ‡Ø§ÛŒ Ù†ÙˆØªØ±ÙˆÙ¾ÛŒÚ© Ù…Ø§ Ø±Ø§ Ø§Ù…Ø±ÙˆØ² ØªÙ‡ÛŒÙ‡ Ú©Ù†ÛŒØ¯. ØªÙ…Ø±Ú©Ø², Ø­Ø§ÙØ¸Ù‡ Ùˆ Ø¯Ù‚Øª Ø®ÙˆØ¯ Ø±Ø§ Ø¨Ù‡Ø¨ÙˆØ¯ Ø¨Ø®Ø´ÛŒØ¯. Ù‡Ù…ÛŒÙ† Ø­Ø§Ù„Ø§ Ø³ÙØ§Ø±Ø´ Ø¯Ù‡ÛŒØ¯! ØªØ®ÙÛŒÙâ€ŒÙ‡Ø§ÛŒ ÙˆÛŒÚ˜Ù‡ Ù…ÙˆØ¬ÙˆØ¯ Ø§Ø³Øª.",SPAM
287,Ù…ÙˆØ¬ÙˆØ¯ÛŒ Ø¨Ø§Ù†Ú©ÛŒ Ø®ÙˆØ¯ Ø±Ø§ Ø§ÙØ²Ø§ÛŒØ´ Ø¯Ù‡ÛŒØ¯! ğŸ’¸ Ù‡Ù…ÛŒÙ† Ø­Ø§Ù„Ø§ Ø¨Ø±Ø§ÛŒ Ø¯Ø±ÛŒØ§ÙØª Ø³ÛŒÚ¯Ù†Ø§Ù„â€ŒÙ‡Ø§ÛŒ Ù…Ø¹Ø§Ù…Ù„Ø§ØªÛŒ Ø±Ø§ÛŒÚ¯Ø§Ù† Ùˆ Ù†Ú©Ø§Øª Ø¯Ø§Ø®Ù„ÛŒ Ø«Ø¨Øª Ù†Ø§Ù… Ú©Ù†ÛŒØ¯. Ù‡Ù…ÛŒÙ† Ø§Ù…Ø±ÙˆØ² Ø¨Ø§ Ø±ÛŒØ³Ú© ØµÙØ± Ø´Ø±ÙˆØ¹ Ø¨Ù‡ Ú©Ø³Ø¨ Ø¯Ø±Ø¢Ù…Ø¯ Ú©Ù†ÛŒØ¯!,SPAM
288,"Ø³Ù„Ø§Ù…! Ù…Ù† Ø¨Ù‡ Ø´Ø±Ú©Øª Ø´Ù…Ø§ Ø¨Ø±Ø®ÙˆØ±Ø¯Ù… Ùˆ ÙÚ©Ø± Ù…ÛŒâ€ŒÚ©Ù†Ù… Ù…ÛŒâ€ŒØªÙˆØ§Ù†ÛŒÙ… Ø¨Ø§ Ù‡Ù… Ú©Ø§Ø± Ú©Ù†ÛŒÙ…. Ù…Ù† Ø¹Ù„Ø§Ù‚Ù‡â€ŒÙ…Ù†Ø¯ Ø¨Ù‡ Ø¨Ø­Ø« Ø¯Ø± Ù…ÙˆØ±Ø¯ ÙØ±ØµØªâ€ŒÙ‡Ø§ÛŒ Ù‡Ù…Ú©Ø§Ø±ÛŒ Ø¨Ø§Ù„Ù‚ÙˆÙ‡ ÛŒØ§ Ø´Ø§ÛŒØ¯ Ø´Ø±ÙˆØ¹ ÛŒÚ© Ú©Ø³Ø¨â€ŒÙˆÚ©Ø§Ø± Ø¬Ø¯ÛŒØ¯ Ù‡Ø³ØªÙ…. Ø§Ú¯Ø± Ù…Ø§ÛŒÙ„ Ø¨Ø§Ø´ÛŒØ¯, Ø¯ÙˆØ³Øª Ø¯Ø§Ø±Ù… Ø¨Ø§ Ø´Ù…Ø§ Ø§Ø±ØªØ¨Ø§Ø· Ø¨Ø±Ù‚Ø±Ø§Ø± Ú©Ù†Ù…! Ø´Ø§Ø¯ Ø¨Ø§Ø´ÛŒØ¯, Ø§Ù„Ú©Ø³.",SUPPLIER
289,"Ø³Ù„Ø§Ù…! Ù…Ù† Ø¨Ù‡ Ø¯Ù†Ø¨Ø§Ù„ Ø´Ø±Ú©Ø§ÛŒÛŒ Ø¨Ø±Ø§ÛŒ ØªÙˆØ³Ø¹Ù‡ ÛŒÚ© Ø®Ø· ØªÙˆÙ„ÛŒØ¯ Ø¬Ø¯ÛŒØ¯ Ø¨ÙˆØ¯Ù‡â€ŒØ§Ù…. Ø¨Ù‡ Ù†Ø¸Ø± Ù…ÛŒâ€ŒØ±Ø³Ø¯ ØªØ®ØµØµ Ø´Ù…Ø§ Ú©Ø§Ù…Ù„Ø§Ù‹ Ù…Ù†Ø§Ø³Ø¨ Ø§Ø³Øª. Ø¹Ù„Ø§Ù‚Ù‡â€ŒÙ…Ù†Ø¯ Ø¨Ù‡ Ú¯ÙØªÚ¯Ùˆ Ø¯Ø± Ù…ÙˆØ±Ø¯ Ù‡Ù…â€ŒØ§ÙØ²Ø§ÛŒÛŒ Ùˆ Ú†Ú¯ÙˆÙ†Ú¯ÛŒ Ù‡Ù…Ú©Ø§Ø±ÛŒ Ø¨Ø±Ø§ÛŒ Ø±Ø´Ø¯ Ù…ØªÙ‚Ø§Ø¨Ù„ Ù‡Ø³ØªÙ…. Ø¨Ù‡ Ù…Ù† Ø§Ø·Ù„Ø§Ø¹ Ø¯Ù‡ÛŒØ¯! Ø¨Ø§ Ø¢Ø±Ø²ÙˆÛŒ Ù…ÙˆÙÙ‚ÛŒØª, Ø¬Ø±Ø¯Ù†.",INQUIRY
290,"Ø³Ù„Ø§Ù…! Ù…Ù† Ø¯Ø± Ø­Ø§Ù„ Ø¨Ø±Ø±Ø³ÛŒ Ú¯Ø²ÛŒÙ†Ù‡â€ŒÙ‡Ø§ÛŒÛŒ Ø¨Ø±Ø§ÛŒ Ø´Ø±ÙˆØ¹ ÛŒÚ© Ú©Ø³Ø¨ Ùˆ Ú©Ø§Ø± Ø¯Ø± Ù‡Ù…Ø§Ù† ØµÙ†Ø¹Øª Ø´Ù…Ø§ Ù‡Ø³ØªÙ…. Ø¯ÙˆØ³Øª Ø¯Ø§Ø±Ù… Ø¯Ø± Ù…ÙˆØ±Ø¯ Ù…Ø´Ø§Ø±Ú©Øªâ€ŒÙ‡Ø§ÛŒ Ø§Ø­ØªÙ…Ø§Ù„ÛŒ ÛŒØ§ Ø±Ø§Ù‡â€ŒÙ‡Ø§ÛŒÛŒ Ú©Ù‡ Ù…ÛŒâ€ŒØªÙˆØ§Ù†ÛŒÙ… Ø¨Ø±Ø§ÛŒ Ù…ÙˆÙÙ‚ÛŒØª Ù‡Ù…Ú©Ø§Ø±ÛŒ Ú©Ù†ÛŒÙ… ØµØ­Ø¨Øª Ú©Ù†ÛŒÙ…. Ø®ÙˆØ´Ø­Ø§Ù„ Ù…ÛŒâ€ŒØ´ÙˆÙ… Ú©Ù‡ ÛŒÚ© ØªÙ…Ø§Ø³ Ø¨Ø±Ù‚Ø±Ø§Ø± Ú©Ù†Ù…! Ù…ØªØ´Ú©Ø±Ù…! Ø¨Ø§ Ø¢Ø±Ø²ÙˆÛŒ Ù…ÙˆÙÙ‚ÛŒØª, ØªÛŒÙ„ÙˆØ±.",SUPPORT
291,"Ø³Ù„Ø§Ù…! Ù…Ù† Ù…Ø¹ØªÙ‚Ø¯Ù… Ø´Ø±Ú©Øªâ€ŒÙ‡Ø§ÛŒ Ù…Ø§ Ù…ÛŒâ€ŒØªÙˆØ§Ù†Ù†Ø¯ Ø§Ø² Ù‡Ù…Ú©Ø§Ø±ÛŒ Ø¨Ø§ ÛŒÚ©Ø¯ÛŒÚ¯Ø± Ø¨Ù‡Ø±Ù‡â€ŒÙ…Ù†Ø¯ Ø´ÙˆÙ†Ø¯. Ù…Ù† Ù…Ø´ØªØ§Ù‚Ù… Ø¯Ø± Ù…ÙˆØ±Ø¯ Ø³Ø±Ù…Ø§ÛŒÙ‡â€ŒÚ¯Ø°Ø§Ø±ÛŒâ€ŒÙ‡Ø§ÛŒ Ù…Ø´ØªØ±Ú©, Ø³Ø±Ù…Ø§ÛŒÙ‡â€ŒÚ¯Ø°Ø§Ø±ÛŒâ€ŒÙ‡Ø§ ÛŒØ§ Ù‡Ù…Ú©Ø§Ø±ÛŒâ€ŒÙ‡Ø§ÛŒÛŒ Ú©Ù‡ Ù…ÛŒâ€ŒØªÙˆØ§Ù†Ø¯ Ø¨Ù‡ Ø±Ø´Ø¯ Ø³Ø±ÛŒØ¹â€ŒØªØ± Ù‡Ø± Ø¯ÙˆÛŒ Ù…Ø§ Ú©Ù…Ú© Ú©Ù†Ø¯, ØµØ­Ø¨Øª Ú©Ù†ÛŒÙ…. Ù…Ø´ØªØ§Ù‚Ø§Ù†Ù‡ Ù…Ù†ØªØ¸Ø± Ø´Ù†ÛŒØ¯Ù† Ø§Ø² Ø´Ù…Ø§ Ù‡Ø³ØªÙ…! Ø¨Ø§ Ø§Ø­ØªØ±Ø§Ù…, Ù…ÙˆØ±Ú¯Ø§Ù†.",INQUIRY
292,"Ø³Ù„Ø§Ù…! Ù…Ù† Ø¹Ù„Ø§Ù‚Ù‡â€ŒÙ…Ù†Ø¯ Ø¨Ù‡ Ù‡Ù…Ú©Ø§Ø±ÛŒ Ø¨Ø§ Ú©Ø³Ø¨ Ùˆ Ú©Ø§Ø± Ø´Ù…Ø§ Ø¨Ø±Ø§ÛŒ Ú¯Ø³ØªØ±Ø´ Ø¯Ø§Ù…Ù†Ù‡ ÙØ¹Ø§Ù„ÛŒØªÙ…Ø§Ù† Ù‡Ø³ØªÙ…. Ø§ÛŒØ¯Ù‡â€ŒÙ‡Ø§ÛŒÛŒ Ø¨Ø±Ø§ÛŒ Ù‡Ù…Ú©Ø§Ø±ÛŒ Ø¯Ø§Ø±Ù… Ú©Ù‡ Ù…ÛŒâ€ŒØªÙˆØ§Ù†Ø¯ Ø¨Ø³ÛŒØ§Ø± Ù…ÙÛŒØ¯ Ø¨Ø§Ø´Ø¯. Ø¯ÙˆØ³Øª Ø¯Ø§Ø±Ù… Ø¨Ø§ Ø´Ù…Ø§ Ø§Ø±ØªØ¨Ø§Ø· Ø¨Ø±Ù‚Ø±Ø§Ø± Ú©Ù†Ù… Ùˆ Ø§Ø­ØªÙ…Ø§Ù„Ø§Øª Ø±Ø§ Ø¨Ø±Ø±Ø³ÛŒ Ú©Ù†Ù…. Ù…ØªØ´Ú©Ø±Ù…! Ø¨Ø§ Ø§Ø­ØªØ±Ø§Ù…, Ú©ÛŒØ³ÛŒ.",SUPPLIER
293,"Ø³Ù„Ø§Ù…! Ù…Ù† ÛŒÚ© Ø§ÛŒØ¯Ù‡ Ø§Ø³ØªØ§Ø±ØªØ§Ù¾ÛŒ Ù…Ø±ØªØ¨Ø· Ø¨Ø§ ØµÙ†Ø¹Øª Ø´Ù…Ø§ Ø¯Ø§Ø±Ù… Ùˆ Ø¯Ù†Ø¨Ø§Ù„ Ø´Ø±Ú©Ø§ ÛŒØ§ Ø³Ø±Ù…Ø§ÛŒÙ‡â€ŒÚ¯Ø°Ø§Ø±Ø§Ù† Ø¨Ø§Ù„Ù‚ÙˆÙ‡ Ù‡Ø³ØªÙ…. Ø§Ú¯Ø± Ø¨Ù‡ Ù‡Ù…Ú©Ø§Ø±ÛŒ Ø¯Ø± Ù…ÙˆØ±Ø¯ Ú†ÛŒØ²ÛŒ Ù†ÙˆØ¢ÙˆØ±Ø§Ù†Ù‡ Ø¹Ù„Ø§Ù‚Ù‡â€ŒÙ…Ù†Ø¯ Ù‡Ø³ØªÛŒØ¯, Ø¨ÛŒØ§ÛŒÛŒØ¯ Ú¯Ù¾ Ø¨Ø²Ù†ÛŒÙ…! Ø´Ø§Ø¯ Ø¨Ø§Ø´ÛŒØ¯, Ø¬ÛŒÙ…ÛŒ.""INQUIRY
Û·Û·, ""Ø³Ù„Ø§Ù…! Ù…Ù† Ø¯Ø± Ø­Ø§Ù„ Ø¨Ø±Ø±Ø³ÛŒ Ø±Ø§Ù‡â€ŒØ§Ù†Ø¯Ø§Ø²ÛŒ ÛŒÚ© Ù¾Ø±ÙˆÚ˜Ù‡ Ù‡Ø³ØªÙ… Ùˆ ÙÚ©Ø± Ù…ÛŒâ€ŒÚ©Ù†Ù… Ø´Ø±Ú©Øª Ø´Ù…Ø§ Ù…ÛŒâ€ŒØªÙˆØ§Ù†Ø¯ Ù‡Ù…Ú©Ø§Ø± Ø®ÙˆØ¨ÛŒ Ø¨Ø§Ø´Ø¯. Ø¯ÙˆØ³Øª Ø¯Ø§Ø±Ù… Ø¯Ø± Ù…ÙˆØ±Ø¯ Ú†Ú¯ÙˆÙ†Ú¯ÛŒ Ù‡Ù…Ú©Ø§Ø±ÛŒ Ø¨Ø±Ø§ÛŒ Ø§ÛŒØ¬Ø§Ø¯ Ø§Ø±Ø²Ø´ ØµØ­Ø¨Øª Ú©Ù†ÛŒÙ…. Ø§Ú¯Ø± Ø¹Ù„Ø§Ù‚Ù‡â€ŒÙ…Ù†Ø¯ Ù‡Ø³ØªÛŒØ¯ Ø¨Ù‡ Ù…Ù† Ø§Ø·Ù„Ø§Ø¹ Ø¯Ù‡ÛŒØ¯! Ø¨Ø§ Ø¢Ø±Ø²ÙˆÛŒ Ù…ÙˆÙÙ‚ÛŒØª, Ø§ÙˆØ±ÛŒ.",SUPPORT
294,"Ø¯Ø±ÙˆØ¯! Ù…Ù† Ù¾ØªØ§Ù†Ø³ÛŒÙ„ Ø²ÛŒØ§Ø¯ÛŒ Ø¨Ø±Ø§ÛŒ Ù‡Ù…Ú©Ø§Ø±ÛŒ Ù…Ø§ Ù…ÛŒâ€ŒØ¨ÛŒÙ†Ù…. Ù…Ø´ØªØ§Ù‚Ù… Ø§ÛŒØ¯Ù‡â€ŒÙ‡Ø§ÛŒ Ù…Ø´Ø§Ø±Ú©Øª ÛŒØ§ Ú©Ø³Ø¨ Ùˆ Ú©Ø§Ø± Ø¬Ø¯ÛŒØ¯ Ø±Ø§ Ø¨Ø§ Ø´Ù…Ø§ Ø¨Ø±Ø±Ø³ÛŒ Ú©Ù†Ù…. Ø¨ÛŒØ§ÛŒÛŒØ¯ Ø²Ù…Ø§Ù†ÛŒ Ø±Ø§ Ø¨Ø±Ø§ÛŒ ØµØ­Ø¨Øª Ùˆ Ø¨Ø±Ø±Ø³ÛŒ Ù†Ø­ÙˆÙ‡ Ù‡Ù…Ú©Ø§Ø±ÛŒ ØªØ¹ÛŒÛŒÙ† Ú©Ù†ÛŒÙ…! Ù…ØªØ´Ú©Ø±Ù…, Ø±Ø§ÛŒÙ„ÛŒ.",INQUIRY
295,"Ø³Ù„Ø§Ù…! Ù…Ù† Ø¯Ø± Ø­Ø§Ù„ Ø¨Ø±Ø±Ø³ÛŒ Ø§ÛŒØ¬Ø§Ø¯ Ø§ØªØ­Ø§Ø¯Ù‡Ø§ÛŒ Ø§Ø³ØªØ±Ø§ØªÚ˜ÛŒÚ© Ø¯Ø± ØµÙ†Ø¹Øª Ø®ÙˆØ¯Ù…Ø§Ù† Ù‡Ø³ØªÙ… Ùˆ Ø´Ø±Ú©Øª Ø´Ù…Ø§ Ø¨Ù‡ Ø°Ù‡Ù†Ù… Ù…ÛŒâ€ŒØ±Ø³Ø¯. Ø§Ú¯Ø± Ù…Ø§ÛŒÙ„ Ø¨Ù‡ Ø¨Ø­Ø« Ø¯Ø± Ù…ÙˆØ±Ø¯ ÙØ±ØµØªâ€ŒÙ‡Ø§ÛŒ Ù…Ø´Ø§Ø±Ú©Øª Ù‡Ø³ØªÛŒØ¯, Ù„Ø·ÙØ§Ù‹ Ø¨Ù‡ Ù…Ù† Ø§Ø·Ù„Ø§Ø¹ Ø¯Ù‡ÛŒØ¯! Ù…ÙˆÙÙ‚ Ø¨Ø§Ø´ÛŒØ¯, Ø³Ù…."" ""SUPPLIER",
296,"Ø³Ù„Ø§Ù…! Ù…Ù† Ù…Ø¹ØªÙ‚Ø¯Ù… Ù‡Ù…Ú©Ø§Ø±ÛŒ Ø¨ÛŒÙ† Ø´Ø±Ú©Øªâ€ŒÙ‡Ø§ÛŒ Ù…Ø§ Ù…ÛŒâ€ŒØªÙˆØ§Ù†Ø¯ Ø¨Ù‡ Ù†ØªØ§ÛŒØ¬ ÙÙˆÙ‚â€ŒØ§Ù„Ø¹Ø§Ø¯Ù‡â€ŒØ§ÛŒ Ù…Ù†Ø¬Ø± Ø´ÙˆØ¯. Ø¯ÙˆØ³Øª Ø¯Ø§Ø±Ù… Ø¯Ø± Ù…ÙˆØ±Ø¯ Ù¾Ø±ÙˆÚ˜Ù‡â€ŒÙ‡Ø§ÛŒ ØªØ¬Ø§Ø±ÛŒ ÛŒØ§ Ø³Ø±Ù…Ø§ÛŒÙ‡â€ŒÚ¯Ø°Ø§Ø±ÛŒâ€ŒÙ‡Ø§ÛŒ Ù…Ø´ØªØ±Ú© Ø§Ø­ØªÙ…Ø§Ù„ÛŒ ØµØ­Ø¨Øª Ú©Ù†ÛŒÙ…. Ù„Ø·ÙØ§Ù‹ Ø¯Ø± ØµÙˆØ±Øª ØªÙ…Ø§ÛŒÙ„ Ø¨Ù‡ Ù…Ù† Ø§Ø·Ù„Ø§Ø¹ Ø¯Ù‡ÛŒØ¯! Ø¨Ø§ Ø§Ø­ØªØ±Ø§Ù…, ØªÛŒÙ„ÙˆØ±.",INQUIRY
297,"Ù‡ÛŒ! Ø¯Ø§Ø´ØªÙ… Ø¨Ù‡ Ø§ÛŒÙ† ÙÚ©Ø± Ù…ÛŒâ€ŒÚ©Ø±Ø¯Ù… Ú©Ù‡ Ú†Ø·ÙˆØ± Ù…ÛŒâ€ŒØªÙˆØ§Ù†ÛŒÙ… Ø±ÙˆÛŒ Ø§ÛŒØ¯Ù‡â€ŒÙ‡Ø§ÛŒ Ø¬Ø¯ÛŒØ¯ Ø¨Ø§ Ù‡Ù… Ú©Ø§Ø± Ú©Ù†ÛŒÙ…. Ø´Ø§ÛŒØ¯ ÛŒÚ© Ù‡Ù…Ú©Ø§Ø±ÛŒ ÛŒØ§ Ú†Ù†Ø¯ Ù¾Ø±ÙˆÚ˜Ù‡ Ù…Ø´ØªØ±Ú©. Ø§Ú¯Ø± Ù…Ø§ÛŒÙ„ Ø¨Ù‡ Ø¨Ø­Ø« Ù‡Ø³ØªÛŒ, Ø¨Ù‡ Ù…Ù† Ø®Ø¨Ø± Ø¨Ø¯Ù‡! Ø¯Ù…Øª Ú¯Ø±Ù…, Ú©Ø±ÛŒØ³.",SUPPORT
298,"Ø³Ù„Ø§Ù…! Ù…Ù† Ø¹Ù„Ø§Ù‚Ù‡â€ŒÙ…Ù†Ø¯ Ø¨Ù‡ Ø´Ø±ÙˆØ¹ ÛŒÚ© Ø±Ø§Ø¨Ø·Ù‡ ØªØ¬Ø§Ø±ÛŒ Ø¨Ø§ Ø´Ù…Ø§ Ù‡Ø³ØªÙ…. Ù…Ù† Ù…Ø¹ØªÙ‚Ø¯Ù… ÙØ±ØµØªâ€ŒÙ‡Ø§ÛŒ Ø²ÛŒØ§Ø¯ÛŒ Ø¨Ø±Ø§ÛŒ Ù‡Ù…Ú©Ø§Ø±ÛŒ Ùˆ Ø±Ø´Ø¯ Ù…Ø§ ÙˆØ¬ÙˆØ¯ Ø¯Ø§Ø±Ø¯. Ø¨ÛŒØ§ÛŒÛŒØ¯ Ø¨Ù‡ Ø²ÙˆØ¯ÛŒ Ø¨Ø§ Ù‡Ù… Ø§Ø±ØªØ¨Ø§Ø· Ø¨Ø±Ù‚Ø±Ø§Ø± Ú©Ù†ÛŒÙ…! Ù¾Øª, Ø¨Ù‡ØªØ±ÛŒÙ† Ø¢Ø±Ø²ÙˆÙ‡Ø§ Ø±Ø§ Ø¯Ø§Ø±Ù….",INQUIRY
299,"Ø³Ù„Ø§Ù…! Ù‡Ù…ÛŒÙ† Ø§Ù„Ø§Ù† Ø¨Ø§ Ù…Ù† ØªÙ…Ø§Ø³ Ú¯Ø±ÙØªÛŒ Ú†ÙˆÙ† ÙÚ©Ø± Ù…ÛŒâ€ŒÚ©Ù†Ù… Ø´Ø±Ú©Øªâ€ŒÙ‡Ø§ÛŒ Ù…Ø§ Ù…ÛŒâ€ŒØªÙˆØ§Ù†Ù†Ø¯ Ø¨Ù‡ Ø®ÙˆØ¨ÛŒ Ù…Ú©Ù…Ù„ ÛŒÚ©Ø¯ÛŒÚ¯Ø± Ø¨Ø§Ø´Ù†Ø¯. Ø¯ÙˆØ³Øª Ø¯Ø§Ø±Ù… Ø±Ø§Ù‡â€ŒÙ‡Ø§ÛŒÛŒ Ø±Ø§ Ø¨Ø±Ø±Ø³ÛŒ Ú©Ù†Ù… Ú©Ù‡ Ø¨ØªÙˆØ§Ù†ÛŒÙ… Ø¨Ø§ Ù‡Ù… Ù‡Ù…Ú©Ø§Ø±ÛŒ Ú©Ù†ÛŒÙ… Ùˆ Ø´Ø§ÛŒØ¯ Ø­ØªÛŒ Ø¨Ø±Ø®ÛŒ Ø§Ø² Ù…Ø­ØµÙˆÙ„Ø§Øª Ø±Ø§ Ø¨Ø§ Ù‡Ù… ØªÙˆÙ„ÛŒØ¯ Ú©Ù†ÛŒÙ…. Ø¨ÛŒØ§ÛŒÛŒØ¯ Ú¯Ù¾ Ø¨Ø²Ù†ÛŒÙ…! Ù…Ù…Ù†ÙˆÙ†, Ù…ÙˆØ±Ú¯Ø§Ù†.",SUPPLIER
300,"Ø³Ù„Ø§Ù…! Ù…Ù† Ú†Ù†Ø¯ Ø§ÛŒØ¯Ù‡ Ø¯Ø± Ù…ÙˆØ±Ø¯ Ú†Ú¯ÙˆÙ†Ú¯ÛŒ Ù‡Ù…Ú©Ø§Ø±ÛŒ Ø¨Ø±Ø§ÛŒ ÙˆØ±ÙˆØ¯ Ø¨Ù‡ Ø¨Ø§Ø²Ø§Ø±Ù‡Ø§ÛŒ Ø¬Ø¯ÛŒØ¯ Ø¯Ø§Ø±Ù…. Ø§Ú¯Ø± Ø¨Ù‡ Ø¨Ø±Ø±Ø³ÛŒ Ø¨Ø±Ø®ÛŒ Ø§Ø² Ø§Ø­ØªÙ…Ø§Ù„Ø§Øª Ø¹Ù„Ø§Ù‚Ù‡â€ŒÙ…Ù†Ø¯ Ù‡Ø³ØªÛŒØ¯, Ø®ÙˆØ´Ø­Ø§Ù„ Ù…ÛŒâ€ŒØ´ÙˆÙ… Ú©Ù‡ Ø¨Ø§ Ø´Ù…Ø§ ØªÙ…Ø§Ø³ Ø¨Ú¯ÛŒØ±Ù…. Ù…Ø´ØªØ§Ù‚Ø§Ù†Ù‡ Ù…Ù†ØªØ¸Ø±Ù…, Ø§Ù„Ú©Ø³.",INQUIRY
301,"Ø¯Ø±ÙˆØ¯! Ù…Ù† Ù…Ø´ØªØ§Ù‚ Ø§ÛŒØ¬Ø§Ø¯ Ø§ØªØ­Ø§Ø¯Ù‡Ø§ÛŒ Ø§Ø³ØªØ±Ø§ØªÚ˜ÛŒÚ© Ù‡Ø³ØªÙ… Ú©Ù‡ Ø¨ØªÙˆØ§Ù†Ø¯ Ø¨Ù‡ Ù†ÙØ¹ Ù‡Ø± Ø¯ÙˆÛŒ Ù…Ø§ Ø¨Ø§Ø´Ø¯. Ø¯ÙˆØ³Øª Ø¯Ø§Ø±Ù… Ø¯Ø± Ù…ÙˆØ±Ø¯ Ù‡Ù…Ú©Ø§Ø±ÛŒâ€ŒÙ‡Ø§ÛŒ Ø¨Ø§Ù„Ù‚ÙˆÙ‡ ÛŒØ§ Ø³Ø±Ù…Ø§ÛŒÙ‡â€ŒÚ¯Ø°Ø§Ø±ÛŒâ€ŒÙ‡Ø§ÛŒ Ù…Ø´ØªØ±Ú© ØµØ­Ø¨Øª Ú©Ù†ÛŒÙ…. Ø¨Ù‡ Ù…Ù† Ø³Ø± Ø¨Ø²Ù†! Ø¢ÙØ±ÛŒÙ†, Ø¬Ø±Ø¯Ù†.",SUPPORT
302,"Ø³Ù„Ø§Ù…! Ù…Ù† Ø¯Ø± Ø­Ø§Ù„ Ø¨Ø±Ø±Ø³ÛŒ Ú¯Ø²ÛŒÙ†Ù‡â€ŒÙ‡Ø§ÛŒ Ù‡Ù…Ú©Ø§Ø±ÛŒ Ø¨Ø§ Ø´Ø±Ú©Øªâ€ŒÙ‡Ø§ÛŒ Ù†ÙˆØ¢ÙˆØ± Ù…Ø§Ù†Ù†Ø¯ Ø´Ù…Ø§ Ù‡Ø³ØªÙ…. Ø¢ÛŒØ§ Ø¹Ù„Ø§Ù‚Ù‡â€ŒÙ…Ù†Ø¯ Ø¨Ù‡ Ú¯ÙØªÚ¯Ùˆ Ø¯Ø± Ù…ÙˆØ±Ø¯ ÛŒÚ© Ù‡Ù…Ú©Ø§Ø±ÛŒ ØªØ¬Ø§Ø±ÛŒ Ø§Ø­ØªÙ…Ø§Ù„ÛŒ Ù‡Ø³ØªÛŒØ¯ØŸ Ø¨Ù‡ Ù…Ù† Ø§Ø·Ù„Ø§Ø¹ Ø¯Ù‡ÛŒØ¯! Ù…ØªØ´Ú©Ø±Ù…, ØªÛŒÙ„ÙˆØ±.",SUPPLIER
303,"Ù‡ÛŒ! Ù…Ø§ Ù‡Ø± Ø¯Ùˆ Ø¯Ø± ØµÙ†Ø§ÛŒØ¹ Ù…Ø±ØªØ¨Ø· Ù‡Ø³ØªÛŒÙ…, Ø¨Ù†Ø§Ø¨Ø±Ø§ÛŒÙ† ÙÚ©Ø± Ù…ÛŒâ€ŒÚ©Ù†Ù… Ú©Ø§Ø±Ù‡Ø§ÛŒ Ø²ÛŒØ§Ø¯ÛŒ Ù‡Ø³Øª Ú©Ù‡ Ù…ÛŒâ€ŒØªÙˆØ§Ù†ÛŒÙ… Ø¨Ø§ Ù‡Ù… Ø§Ù†Ø¬Ø§Ù… Ø¯Ù‡ÛŒÙ…. Ø¹Ù„Ø§Ù‚Ù‡â€ŒÙ…Ù†Ø¯ Ø¨Ù‡ Ø¨Ø­Ø« Ø¯Ø± Ù…ÙˆØ±Ø¯ Ù¾Ø±ÙˆÚ˜Ù‡â€ŒÙ‡Ø§ ÛŒØ§ Ø³Ø±Ù…Ø§ÛŒÙ‡â€ŒÚ¯Ø°Ø§Ø±ÛŒâ€ŒÙ‡Ø§ÛŒ Ø³ÙˆØ¯Ù…Ù†Ø¯ Ø¨Ø±Ø§ÛŒ Ù‡Ø± Ø¯Ùˆ Ø·Ø±Ù Ù‡Ø³ØªÛŒØ¯ØŸ Ø¨Ù‡ Ø²ÙˆØ¯ÛŒ ØµØ­Ø¨Øª Ù…ÛŒâ€ŒÚ©Ù†ÛŒÙ…! Ù…ÙˆÙÙ‚ Ø¨Ø§Ø´ÛŒ, Ú©ÛŒØ³ÛŒ.",INQUIRY
304,"Ø³Ù„Ø§Ù…! Ù…Ù† Ù…Ø¹ØªÙ‚Ø¯Ù… Ú©Ù‡ ØªØ±Ú©ÛŒØ¨ Ù†ÛŒØ±ÙˆÙ‡Ø§ Ù…ÛŒâ€ŒØªÙˆØ§Ù†Ø¯ Ø¨Ù‡ Ù†ØªØ§ÛŒØ¬ Ø´Ú¯ÙØªâ€ŒØ§Ù†Ú¯ÛŒØ²ÛŒ Ù…Ù†Ø¬Ø± Ø´ÙˆØ¯. Ø¯ÙˆØ³Øª Ø¯Ø§Ø±Ù… Ø¯Ø± Ù…ÙˆØ±Ø¯ Ú†Ú¯ÙˆÙ†Ú¯ÛŒ SUPPORT Ø§Ø² Ø±Ø´Ø¯ ÛŒÚ©Ø¯ÛŒÚ¯Ø±, Ø§ÛŒØ¯Ù‡â€ŒÙ‡Ø§ÛŒÛŒ Ø±Ø§ Ù…Ø·Ø±Ø­ Ú©Ù†ÛŒÙ…. Ø¯Ø± ØµÙˆØ±Øª ØªÙ…Ø§ÛŒÙ„ Ø¨Ø§ Ù…Ø§ ØªÙ…Ø§Ø³ Ø¨Ú¯ÛŒØ±ÛŒØ¯! Ø¨Ø§ Ø§Ø­ØªØ±Ø§Ù…, Ø§ÙˆØ±ÛŒ.",SUPPORT
305,"Ø³Ù„Ø§Ù…! Ù…Ù† Ù¾ØªØ§Ù†Ø³ÛŒÙ„ Ù‡Ù…Ú©Ø§Ø±ÛŒ Ø¨ÛŒÙ† Ø®ÙˆØ¯Ù…Ø§Ù† Ø±Ø§ Ù…ÛŒâ€ŒØ¨ÛŒÙ†Ù…, Ø´Ø§ÛŒØ¯ Ø´Ø±ÙˆØ¹ ÛŒÚ© Ø³Ø±Ù…Ø§ÛŒÙ‡â€ŒÚ¯Ø°Ø§Ø±ÛŒ Ù…Ø´ØªØ±Ú© Ø¬Ø¯ÛŒØ¯ ÛŒØ§ ØªÙˆØ³Ø¹Ù‡ Ù…Ø´ØªØ±Ú© Ù…Ø­ØµÙˆÙ„Ø§Øª. Ø¯ÙˆØ³Øª Ø¯Ø§Ø±Ù… Ù†Ø¸Ø±Ø§Øª Ø´Ù…Ø§ Ø±Ø§ Ø¨Ø´Ù†ÙˆÙ…. Ø¨ÛŒØ§ÛŒÛŒØ¯ Ø§Ø±ØªØ¨Ø§Ø· Ø¨Ø±Ù‚Ø±Ø§Ø± Ú©Ù†ÛŒÙ…! Ù…ØªØ´Ú©Ø±Ù…, Ø±Ø§ÛŒÙ„ÛŒ.",SUPPLIER
306,"Ù‡ÛŒ! Ù…Ù† ÙˆØ§Ù‚Ø¹Ø§Ù‹ Ø§Ø² ÙØ±ØµØªâ€ŒÙ‡Ø§ÛŒ Ø¨Ø§Ù„Ù‚ÙˆÙ‡ Ø¨Ø±Ø§ÛŒ Ù‡Ù…Ú©Ø§Ø±ÛŒ Ù‡ÛŒØ¬Ø§Ù†â€ŒØ²Ø¯Ù‡â€ŒØ§Ù…. Ù…ÛŒâ€ŒØ®ÙˆØ§Ù‡Ù… Ø¯Ø± Ù…ÙˆØ±Ø¯ Ù…Ø´Ø§Ø±Ú©Øªâ€ŒÙ‡Ø§ÛŒ Ø§Ø­ØªÙ…Ø§Ù„ÛŒ, Ø³Ø±Ù…Ø§ÛŒÙ‡â€ŒÚ¯Ø°Ø§Ø±ÛŒâ€ŒÙ‡Ø§ ÛŒØ§ Ø³Ø§ÛŒØ± Ø±Ø§Ù‡â€ŒÙ‡Ø§ÛŒ Ù‡Ù…Ú©Ø§Ø±ÛŒ ØµØ­Ø¨Øª Ú©Ù†ÛŒÙ…. Ù…Ø´ØªØ§Ù‚Ø§Ù†Ù‡ Ù…Ù†ØªØ¸Ø±Ù…! Ù…ÙˆÙÙ‚ Ø¨Ø§Ø´ÛŒ, Ø³Ù….",INQUIRY
307,"Ø³Ù„Ø§Ù…! Ù…Ù† Ø¨Ù‡ Ø§ÛŒÙ† ÙÚ©Ø± Ù…ÛŒâ€ŒÚ©Ø±Ø¯Ù… Ú©Ù‡ Ú†Ø·ÙˆØ± Ú©Ø³Ø¨â€ŒÙˆÚ©Ø§Ø±Ù‡Ø§ÛŒ Ù…Ø§ Ù…ÛŒâ€ŒØªÙˆØ§Ù†Ù†Ø¯ Ù…Ú©Ù…Ù„ ÛŒÚ©Ø¯ÛŒÚ¯Ø± Ø¨Ø§Ø´Ù†Ø¯. Ø¹Ù„Ø§Ù‚Ù‡â€ŒÙ…Ù†Ø¯ Ø¨Ù‡ Ø¨Ø±Ø±Ø³ÛŒ Ù‡Ù…Ú©Ø§Ø±ÛŒâ€ŒÙ‡Ø§ ÛŒØ§ Ø´Ø§ÛŒØ¯ Ø­ØªÛŒ ØªÙˆØ³Ø¹Ù‡ Ù…Ø´ØªØ±Ú© Ø¨Ø±Ø®ÛŒ Ù…Ø­ØµÙˆÙ„Ø§Øª Ù‡Ø³ØªÙ…. Ø§Ú¯Ø± Ø¹Ù„Ø§Ù‚Ù‡â€ŒÙ…Ù†Ø¯ Ø¨Ø§Ø´ÛŒØ¯, Ø¨ÛŒØ§ÛŒÛŒØ¯ Ú¯Ù¾ Ø¨Ø²Ù†ÛŒÙ…! Ù…ÙˆÙÙ‚ Ø¨Ø§Ø´ÛŒØ¯, ØªÛŒÙ„ÙˆØ±.",INQUIRY
308,"Ù‡ÛŒ! Ù…Ù† Ù¾ØªØ§Ù†Ø³ÛŒÙ„ Ø±Ø´Ø¯ Ø²ÛŒØ§Ø¯ÛŒ Ù…ÛŒâ€ŒØ¨ÛŒÙ†Ù… Ø§Ú¯Ø± Ø¨Ø§ Ù‡Ù… Ù‡Ù…Ú©Ø§Ø±ÛŒ Ú©Ù†ÛŒÙ…. Ù…ÛŒâ€ŒØ®ÙˆØ§ÛŒ Ø¯Ø± Ù…ÙˆØ±Ø¯ Ø§ÛŒØ¯Ù‡â€ŒÙ‡Ø§ÛŒÛŒ Ø¯Ø± Ù…ÙˆØ±Ø¯ Ø³Ø±Ù…Ø§ÛŒÙ‡â€ŒÚ¯Ø°Ø§Ø±ÛŒ Ù…Ø´ØªØ±Ú© ÛŒØ§ Ù‡Ù…Ø§Ù‡Ù†Ú¯ÛŒ Ø§Ø³ØªØ±Ø§ØªÚ˜ÛŒÚ© ØµØ­Ø¨Øª Ú©Ù†ÛŒÙ…ØŸ Ø§Ú¯Ù‡ Ø®ÙˆØ¨ Ø¨Ù‡ Ù†Ø¸Ø± Ù…ÛŒâ€ŒØ±Ø³Ù‡ Ø¨Ù‡Ù… Ø²Ù†Ú¯ Ø¨Ø²Ù†! Ø¢ÙØ±ÛŒÙ†, Ù…ÙˆØ±Ú¯Ø§Ù†.",SUPPORT
309,"Ø³Ù„Ø§Ù…! ÙÚ©Ø± Ù…ÛŒâ€ŒÚ©Ù†Ù… Ú©Ø§Ø±Ù‡Ø§ÛŒ Ø²ÛŒØ§Ø¯ÛŒ Ù‡Ø³Øª Ú©Ù‡ Ù…ÛŒâ€ŒØªÙˆØ§Ù†ÛŒÙ… Ø¨Ø§ Ù‡Ù… Ø§Ù†Ø¬Ø§Ù… Ø¯Ù‡ÛŒÙ…, Ú†Ù‡ Ù…Ø´Ø§Ø±Ú©Øª, Ú†Ù‡ Ø³Ø±Ù…Ø§ÛŒÙ‡â€ŒÚ¯Ø°Ø§Ø±ÛŒ ÛŒØ§ Ø³Ø±Ù…Ø§ÛŒÙ‡â€ŒÚ¯Ø°Ø§Ø±ÛŒâ€ŒÙ‡Ø§ÛŒ Ø¬Ø¯ÛŒØ¯. Ø¯ÙˆØ³Øª Ø¯Ø§Ø±Ù… Ø¨Ù‡ Ø²ÙˆØ¯ÛŒ Ø¨Ø§ Ø´Ù…Ø§ Ù‡Ù…ÙÚ©Ø±ÛŒ Ú©Ù†Ù…. Ù…ØªØ´Ú©Ø±Ù…! Ø¨Ø§ Ø§Ø­ØªØ±Ø§Ù…, Ú©ÛŒØ³ÛŒ.",SUPPLIER
310,"Ù‡ÛŒ! Ù…Ù† ÛŒÚ© Ø§ÛŒØ¯Ù‡ Ø¬Ø¯ÛŒØ¯ Ø¨Ø±Ø§ÛŒ Ù¾Ø±ÙˆÚ˜Ù‡ Ø¯Ø§Ø±Ù… Ú©Ù‡ Ù…Ø¹ØªÙ‚Ø¯Ù… Ù…ÛŒâ€ŒØªÙˆØ§Ù†Ø¯ Ø¨Ø±Ø§ÛŒ Ù‡Ø± Ø¯ÙˆÛŒ Ù…Ø§ Ù…ÙÛŒØ¯ Ø¨Ø§Ø´Ø¯. Ø¢ÛŒØ§ Ø¹Ù„Ø§Ù‚Ù‡â€ŒÙ…Ù†Ø¯ Ø¨Ù‡ Ø¨Ø­Ø« Ø¯Ø± Ù…ÙˆØ±Ø¯ Ú†Ú¯ÙˆÙ†Ú¯ÛŒ Ù‡Ù…Ú©Ø§Ø±ÛŒ Ù‡Ø³ØªÛŒÙ…ØŸ Ù…Ø´ØªØ§Ù‚Ø§Ù†Ù‡ Ù…Ù†ØªØ¸Ø± Ù¾Ø§Ø³Ø® Ø´Ù…Ø§ Ù‡Ø³ØªÙ…! Ù…ÙˆÙÙ‚ Ø¨Ø§Ø´ÛŒØ¯, Ø±Ø§ÛŒÙ„ÛŒ.",INQUIRY
311,"Ø³Ù„Ø§Ù…! ÙÚ©Ø± Ù…ÛŒâ€ŒÚ©Ù†Ù… Ø§Ú¯Ø± Ø¨Ø§ Ù‡Ù… Ù‡Ù…Ú©Ø§Ø±ÛŒ Ú©Ù†ÛŒÙ…, Ø´Ø±Ú©Øªâ€ŒÙ‡Ø§ÛŒ Ù…Ø§ Ù…ÛŒâ€ŒØªÙˆØ§Ù†Ù†Ø¯ Ú†ÛŒØ²ÛŒ Ù†ÙˆØ¢ÙˆØ±Ø§Ù†Ù‡ Ø®Ù„Ù‚ Ú©Ù†Ù†Ø¯. Ø¢ÛŒØ§ Ù…Ø§ÛŒÙ„ Ø¨Ù‡ ÛŒÚ© ØªÙ…Ø§Ø³ ÛŒØ§ Ø¬Ù„Ø³Ù‡ Ú©ÙˆØªØ§Ù‡ Ù‡Ø³ØªÛŒØ¯ØŸ Ø¨Ù‡ Ù…Ù† Ø§Ø·Ù„Ø§Ø¹ Ø¯Ù‡ÛŒØ¯! Ø´Ø§Ø¯ Ø¨Ø§Ø´ÛŒØ¯, Ø¬ÛŒÙ…ÛŒ.",SUPPORT
312,"Ø³Ù„Ø§Ù…! Ù…Ù† Ù…Ø´ØªØ§Ù‚ Ø§ÛŒØ¬Ø§Ø¯ Ù…Ø´Ø§Ø±Ú©Øªâ€ŒÙ‡Ø§ÛŒ Ø§Ø³ØªØ±Ø§ØªÚ˜ÛŒÚ© Ø¨Ø±Ø§ÛŒ Ú¯Ø³ØªØ±Ø´ Ø¯Ø³ØªØ±Ø³ÛŒ Ø¨Ù‡ Ø¨Ø§Ø²Ø§Ø±Ù…Ø§Ù† Ù‡Ø³ØªÙ…. Ø§Ú¯Ø± Ù…Ø§ÛŒÙ„ Ø¨Ù‡ Ù‡Ù…Ú©Ø§Ø±ÛŒ ÛŒØ§ Ø¨Ù‡ Ø§Ø´ØªØ±Ø§Ú© Ú¯Ø°Ø§Ø´ØªÙ† Ù…Ù†Ø§Ø¨Ø¹ Ù‡Ø³ØªÛŒØ¯, Ø¨ÛŒØ§ÛŒÛŒØ¯ Ø¨Ø§ Ù‡Ù… Ø§Ø±ØªØ¨Ø§Ø· Ø¨Ø±Ù‚Ø±Ø§Ø± Ú©Ù†ÛŒÙ…! Ù…ØªØ´Ú©Ø±Ù…, Ø§Ù„Ú©Ø³.",SUPPLIER
313,"Ø³Ù„Ø§Ù…! Ù…Ù† Ø¯Ø± Ø­Ø§Ù„ Ø¨Ø±Ø±Ø³ÛŒ Ú¯Ø²ÛŒÙ†Ù‡â€ŒÙ‡Ø§ÛŒÛŒ Ø¨Ø±Ø§ÛŒ Ø±Ø§Ù‡â€ŒØ§Ù†Ø¯Ø§Ø²ÛŒ Ù…Ø´ØªØ±Ú© ÛŒÚ© Ø³Ø±ÙˆÛŒØ³ Ø¬Ø¯ÛŒØ¯ Ù‡Ø³ØªÙ… Ùˆ ÙÚ©Ø± Ú©Ø±Ø¯Ù… ØªÛŒÙ… Ø´Ù…Ø§ Ù…ÛŒâ€ŒØªÙˆØ§Ù†Ø¯ Ø¨Ø±Ø§ÛŒ Ù‡Ù…Ú©Ø§Ø±ÛŒ Ø¹Ø§Ù„ÛŒ Ø¨Ø§Ø´Ø¯. Ø¹Ù„Ø§Ù‚Ù‡â€ŒÙ…Ù†Ø¯ Ø¨Ù‡ ØµØ­Ø¨Øª Ø¯Ø± Ù…ÙˆØ±Ø¯ Ø¬Ø²Ø¦ÛŒØ§Øª Ù‡Ø³ØªÛŒØ¯ØŸ Ù…ÙˆÙÙ‚ Ø¨Ø§Ø´ÛŒØ¯, Ø¬Ø±Ø¯Ù†.",INQUIRY
314,"Ø³Ù„Ø§Ù…! Ù…Ù† Ù…Ø¹ØªÙ‚Ø¯Ù… ØªØ±Ú©ÛŒØ¨ ØªØ®ØµØµâ€ŒÙ‡Ø§ÛŒÙ…Ø§Ù† Ù…ÛŒâ€ŒØªÙˆØ§Ù†Ø¯ Ø¨Ù‡ ÙØ±ØµØªâ€ŒÙ‡Ø§ÛŒ Ø´Ú¯ÙØªâ€ŒØ§Ù†Ú¯ÛŒØ²ÛŒ Ù…Ù†Ø¬Ø± Ø´ÙˆØ¯. Ø§Ú¯Ø± Ø¨Ù‡ Ø¨Ø­Ø« Ø¯Ø± Ù…ÙˆØ±Ø¯ Ù‡Ù…Ú©Ø§Ø±ÛŒâ€ŒÙ‡Ø§ÛŒ Ø¨Ø§Ù„Ù‚ÙˆÙ‡ Ø¹Ù„Ø§Ù‚Ù‡â€ŒÙ…Ù†Ø¯ Ù‡Ø³ØªÛŒØ¯, Ø¨Ù‡ Ù…Ù† Ø§Ø·Ù„Ø§Ø¹ Ø¯Ù‡ÛŒØ¯! Ù…ØªØ´Ú©Ø±Ù…! Ø¨Ø§ Ø¢Ø±Ø²ÙˆÛŒ Ù…ÙˆÙÙ‚ÛŒØª, ØªÛŒÙ„ÙˆØ±.",SUPPORT
315,"Ù‡ÛŒ! Ù…Ù† Ú†Ù†Ø¯ Ø§ÛŒØ¯Ù‡ Ø¨Ø±Ø§ÛŒ ÛŒÚ© Ø³Ø±Ù…Ø§ÛŒÙ‡â€ŒÚ¯Ø°Ø§Ø±ÛŒ Ù…Ø´ØªØ±Ú© Ø¯Ø§Ø±Ù… Ú©Ù‡ Ù…ÛŒâ€ŒØªÙˆØ§Ù†Ø¯ Ø¨Ù‡ Ù†ÙØ¹ Ù‡Ø± Ø¯ÙˆÛŒ Ù…Ø§ Ø¨Ø§Ø´Ø¯. Ø¯ÙˆØ³Øª Ø¯Ø§Ø±Ù… Ø²Ù…Ø§Ù†ÛŒ Ø±Ø§ Ø¨Ø±Ø§ÛŒ ØµØ­Ø¨Øª Ø¯Ø± Ù…ÙˆØ±Ø¯ Ø¢Ù† ØªØ¹ÛŒÛŒÙ† Ú©Ù†ÛŒÙ…. Ø§Ú¯Ø± Ø¹Ù„Ø§Ù‚Ù‡â€ŒÙ…Ù†Ø¯ Ù‡Ø³ØªÛŒØ¯, Ø¨Ø§ Ù…Ù† ØªÙ…Ø§Ø³ Ø¨Ú¯ÛŒØ±ÛŒØ¯! Ù…ÙˆÙÙ‚ Ø¨Ø§Ø´ÛŒØ¯, Ù…ÙˆØ±Ú¯Ø§Ù†.",SUPPLIER
316,"Ø³Ù„Ø§Ù…! ÙÚ©Ø± Ù…ÛŒâ€ŒÚ©Ù†Ù… Ø®ÛŒÙ„ÛŒ Ø®ÙˆØ¨ Ù…ÛŒâ€ŒØ´ÙˆØ¯ Ú©Ù‡ Ø¯Ø± Ù…ÙˆØ±Ø¯ Ø±Ø§Ù‡â€ŒÙ‡Ø§ÛŒ Ù‡Ù…Ú©Ø§Ø±ÛŒ Ø±ÙˆÛŒ Ù¾Ø±ÙˆÚ˜Ù‡â€ŒÙ‡Ø§ÛŒ Ø¬Ø¯ÛŒØ¯ ÙÚ©Ø± Ú©Ù†ÛŒÙ…. Ø§Ú¯Ø± Ù…Ø§ÛŒÙ„ Ø¨Ù‡ Ù‡Ù…Ú©Ø§Ø±ÛŒ Ù‡Ø³ØªÛŒØ¯, Ù‡Ø± ÙˆÙ‚Øª Ú©Ù‡ ÙˆÙ‚Øª Ø¯Ø§Ø´ØªÛŒØ¯ Ø¨Ù‡ Ù…Ù† Ø§Ø·Ù„Ø§Ø¹ Ø¯Ù‡ÛŒØ¯! Ù…ØªØ´Ú©Ø±Ù…, Ú©ÛŒØ³ÛŒ.",INQUIRY
